"X1","X2","X3","X4"
3.89303104733721,4.87522924934821,3.47580405694133,3.0343844845843
3.36020655108534,4.64108641031351,4.390573713989,6.54862480113444
4.37667139656682,7.58495192523495,3.88672823657332,8.47354278993023
3.65078209915767,6.20116677324951,4.44097011841233,6.00537322542151
3.99777428416892,4.50560045662302,3.91382188279299,2.66414374998281
3.42566998642594,4.04573897511814,2.26864488874742,3.7096554684708
6.75794600298317,8.95705809400322,3.783721780204,5.91660418136943
5.62062410313376,2.87978077175085,1.79153079382087,1.12576228593846
5.08803468137326,6.10637358580382,4.05640956491604,5.72505149532963
2.4411036364999,3.3348804912891,2.80657760882192,4.93893093906078
2.20306737863489,3.96060952980903,1.08947807216278,4.45621403142125
2.43424233543274,0.177762985060912,3.2964228589753,2.15893829755888
5.76681281998534,5.56495514185665,7.54068326976639,5.58266177625838
3.9091125409515,9.06889517068673,5.48782950705077,8.56428671819448
1.75164480527279,2.98867691303221,4.73177097167225,4.43759985552767
4.37117298429467,5.21871413296475,10.4041368259534,9.35171039469516
2.86214379679179,6.82951715756208,2.72904923151606,6.94767772098084
3.30745785369837,5.39378498940501,2.39375271625836,5.29304481750358
5.17212786362802,1.10269150246179,3.01533451786487,7.08939014224227
6.71533401387785,6.7474872204119,7.16378045588527,5.76882178348338
8.1242446014638,9.94957292321486,6.56587228035045,10.0451324353091
11.5759606072782,5.69148789811455,8.62865157982505,3.03306974728319
0.564951686173187,2.30558132383691,4.63197740301275,3.34834667943
5.43235880584473,5.26113908854897,7.43237264160243,4.15163299469768
3.90287766885988,4.58317597384506,4.48869986889779,2.25335919084445
2.51830580035154,3.04605743194048,0.27240077446423,5.57597899884974
9.0728081755412,6.72376814308618,5.07903899843754,7.4044904654334
7.86542639471444,9.74253402786646,7.5354124363958,11.0063456904691
1.69944166062224,-1.22653949929407,-2.37795770905484,1.46067310874876
5.02535255833996,5.56145570390896,4.72238261328459,5.16812240161705
5.94569781451293,3.8178815167292,2.72504682016707,3.96232912362994
6.65622986589352,5.64446215576252,9.42860049558054,4.25447934698453
6.58369291428532,4.9983870100357,6.33070500802417,5.5365617892612
5.26170442274256,2.12246479228177,8.73995981401602,4.54457068234074
8.74703120402563,6.86572340428038,11.3501590787351,5.61795795583709
5.18815885615219,3.39057744752021,2.54014489694697,1.43247948881772
8.23384430470667,5.86982885723753,5.25823709100794,7.59658520236284
4.80025794998905,1.99637288043259,5.41874363804145,5.35610624685992
0.24813047269245,4.75108175346856,2.64004043882549,-0.0548842216541396
2.28746333036239,0.973375038359475,1.78641391507579,1.20857185955504
4.92443350965819,5.53558771415045,4.72800460980458,4.04931265908009
7.19475813799326,4.12454544313289,6.22527000971288,5.51531372365264
4.11957888263435,3.06582102442717,6.12076030425234,5.82195806407863
6.89540134713184,4.74833739153527,7.87402086777442,5.35634518298234
4.00800632719925,2.1287307468227,6.25333765713907,4.4148780005634
6.43083883551759,5.21788443647737,6.42280048370886,6.56303787735811
7.56709437247542,4.3177621634827,3.67990270661597,7.06455925260931
7.18556565445617,7.35419343243009,6.37713820030419,5.19183843789789
4.11587849798324,1.17451774102079,0.400200937667389,2.27790225100671
5.21715270544956,4.27532911504912,3.45984415684276,5.21755460554033
6.48456063521622,6.74428060815699,4.7435936483397,7.47705900859304
3.787090161545,5.26002843967317,3.2440787737799,4.30954845362505
0.921680289640645,2.15379670154436,3.85263322267701,4.11200048288678
-1.51488439384195,-3.06296181350031,1.82638284737659,1.46537336158001
7.31565010230634,6.99968509004645,6.89326430040664,6.67828918374256
7.37885019056138,9.50100654216351,8.79672104385652,8.91053694475852
3.15782854196892,3.48759783895489,2.71416669195258,3.66336370868677
8.29784726583906,7.8501692371969,10.244338813174,5.43364346393182
4.88590010686785,6.40014890004663,1.19421570944869,3.62902913322128
9.97262797226835,7.9405906993712,7.29680985494098,9.04102098189645
4.41492069068286,3.30100332755076,6.37462828455958,1.85455348454867
7.77157117761926,3.347210636049,6.07432246218747,7.96636271952142
2.56238040949813,3.23857348518548,3.67820805013425,2.39586185763448
5.70663307184503,1.66765502821837,3.10144189373227,2.35933282380378
3.57117451814432,6.28511333952992,4.73582352917061,4.69610763711934
7.34937647394922,3.59193338072536,9.34095581250579,5.94921018393522
1.64886489067533,5.00478476180511,5.17303764838251,4.92859438928269
7.06567534061077,4.09426367926508,3.77840485264857,3.50467281212077
6.06446297244614,2.59583773567208,3.93112026114355,5.59148604511117
5.98538648350569,3.11629836246418,4.35104475774507,4.91199670957866
7.41227676696867,8.11487012750585,7.58248675290577,7.93671220854511
4.66946924866146,4.41440802749117,4.20494133578246,5.51785010294484
5.41059383310475,3.94114416078963,2.7969433464922,6.43567698677986
3.14630894026069,3.86244713511566,4.08800477899601,2.61185421346514
0.580601141700772,2.92080287468888,-0.51502241461707,-0.614950092163819
5.85818007587151,8.02043237887808,6.59375319342379,5.5286862123551
3.22401503016961,6.34012740741566,7.42681638960628,4.65050927596966
6.98356494397741,7.01743283398265,7.02630072217783,8.32965022276456
8.41013423267606,9.60978151941376,8.6278045790614,11.4766043797695
3.16214847047646,3.87165212877872,5.17968887356238,2.13636906123578
4.87750782912207,2.33408584688719,4.68035648749192,2.92571125672077
6.51940996561629,6.52678036632655,7.04771184850038,4.1508705525593
4.87310105924606,2.07980527410004,5.56863758177196,1.63152609701356
2.46168837505671,0.688339472382939,2.70600608294865,0.886671123810947
3.20327802482183,2.92591279699166,5.02732997268351,6.02090566498014
6.01429618069645,2.37403592912966,3.75763184776492,4.30560132155389
2.0659052514631,5.36395840215267,3.57441345106058,3.93197970027001
7.15426677381344,4.50162954876786,3.57127786633962,4.30397378914839
4.54881739950705,3.50164528599445,4.63811541829558,6.31810361293575
6.25778352157951,2.5190308696559,2.18565282489425,2.79598145746409
5.10523101194172,7.00994047093808,8.03203972227654,7.25558534635228
5.67756432037846,5.22589723552745,6.28984251193564,2.36704209430867
8.16220192558576,7.85303833074565,7.66568323900448,6.79053640362911
4.17921215388844,2.32802592823947,2.75227513406465,4.72208818102249
3.56953482785335,4.241547681579,3.70256509551924,3.67692180853083
5.37772807629434,5.16615088310326,4.51189749571159,5.06219997288549
7.08044033931888,6.88410787697552,9.23054910657211,8.87584257314825
6.47069381014652,9.22499986924663,9.16222225716469,8.60858600687109
4.69306697701225,3.34253127734198,4.93625260136723,4.51148776076918
5.60003703421557,5.90553981369467,7.91770067935491,6.05867711601156
5.59021815769773,3.38204481562304,3.26370249068854,2.91324557770096
4.04318045601315,2.29560248023426,-0.685377610989636,1.33999140896569
7.63524313236254,5.37402098809007,7.18993350909793,6.9709102346831
8.2228115678812,6.99131506723931,5.47507129578283,6.08737918894909
1.66820698172045,1.54426376889281,2.94398672141768,3.49065391320683
5.04732650782133,5.591424035729,5.53232588197189,4.97672559801476
2.8584067765864,2.1109991078389,2.84610087431101,4.00919081708958
2.87193478461365,2.77927195972104,3.26714487871586,5.77696899879309
5.57445022409161,8.98366853456805,7.35109547288371,7.56162357342997
6.26003411416978,7.11350611091479,6.12742331653536,6.16139734419382
4.44069188263903,4.51465332042543,3.1131194369679,5.68386579096444
2.32763048759654,0.507603914948116,3.96292298219891,2.44135723770214
5.31555585596418,8.55749853063262,5.32368500466204,7.65326972380212
4.83500555685528,4.83977283000332,5.64845321100613,5.32257376572515
1.68396547196484,1.42673435291902,1.5394045465922,1.27561143150376
7.37032051141301,6.21110442365504,9.01825616651628,7.30713008331836
2.82542613847394,5.08333318984002,6.55010021045275,3.18351152555386
2.97513855175311,0.699699352247015,2.73754095786903,4.12107834341095
6.58883169582495,8.83626424486055,4.93665513340031,5.493208477345
4.84852714910374,6.49244226021475,1.78851280376826,7.10143683830458
9.01908779500062,7.02910029182223,7.10356391620822,5.42072250094634
3.83845121970587,5.70262914022677,4.83408158337307,2.51681057199922
4.02423649474045,5.73403970385358,6.01507560572787,3.72390229163269
7.74964076478227,8.43994667833378,6.80410223794802,8.41532764964242
3.87483398463542,4.00212937260912,4.28403981368209,2.92824837624792
7.43180867614007,10.6015742742821,10.7935007690895,8.48610466038538
4.79771454964358,6.6854970568389,2.72686809160927,5.86089540451493
8.62098756404164,7.92308654578559,10.6163981672167,8.86003268409545
5.93303356339162,5.4712058792093,7.53188539697352,6.86426249236392
-0.117696557532977,4.25609451503104,3.20447382120247,6.17761234354566
5.07019608661198,4.50347001834512,4.4350953573937,7.35246589286674
4.81683259884087,3.38997701032532,6.13961241193442,3.62049934982758
8.03528120089996,5.50230908549586,8.81990656285489,6.85091326125519
3.42296945181054,3.30873347639104,0.628341051615997,4.67380904149316
4.30980695367214,7.99131400594276,7.61011317589783,6.63494807671282
3.97814152513348,4.6705284564396,4.2862716681824,2.51772840128563
3.9694877813323,6.87747033317058,7.0721763882684,3.79958758492371
8.61211015392636,7.59213232470062,7.16277625265707,6.74626049935792
6.78085391372102,5.36447561931398,4.80214221496709,7.38943901054568
1.40897209329211,1.51081603102045,3.42732121186295,3.67437608155964
7.94818000790825,3.71459425858985,7.65690335708965,6.81029955079798
4.82361041340662,7.2857097457261,5.04222238373361,6.21782433234963
6.17602764778544,5.08624862493139,7.14162204913288,3.14534333479969
5.31243964176987,4.82791570366388,5.5354032532022,9.03948765624216
7.30426073948715,7.02015730390841,7.63202623416868,6.27358122736732
-0.315495533657694,2.87284677083933,2.98432619808944,0.779956421514314
0.590400880789185,3.50251447364744,-0.0117160158183904,4.04254544268459
1.77951247425777,2.45213039993598,-0.280201375162545,4.55652035077104
6.30608188133694,5.0764426014894,6.36286445223852,5.56571708986381
8.77055683529764,7.71366651779919,8.04371430770306,8.61199566755447
6.10845559923971,6.92271323425742,5.71075134796183,4.51493362514261
3.31632967063824,8.87559223693464,4.08355440385328,7.11613659318609
7.29700268771294,5.71215753734563,6.55660454074803,9.20794302246141
5.69810491496574,5.41754095814153,2.90968827635651,4.46663276405636
7.61116188394614,3.65928254260162,6.29568341743979,3.00150332473578
1.61448250386605,2.28351190563325,4.03273324889939,2.88948899231209
5.73753343125782,6.80831203135906,7.65558423464736,6.12746313955504
4.96083970144173,3.93089038202606,4.86050985016277,6.88303567055127
3.81730159792504,4.36500513898116,6.77981950411355,6.05389603662968
7.06300637557316,6.70678753571663,6.19913637298628,9.30322815159248
5.35894779723651,4.66757988575205,4.14034496768795,5.98987965036349
5.54819729886007,4.03749594679397,2.74763243193684,5.18307543022978
4.92823912325593,2.48639708261414,1.74255514916081,5.53803777391938
1.56025746921219,3.35071899836578,3.56686066885155,2.66498662511205
3.31403673950512,4.73209550157814,4.44208032958212,6.54209678760393
2.19907189527471,1.61585696743016,2.4432548097858,4.85986552270185
5.58138417808371,9.41824644578168,5.29227146791114,8.33301017572309
1.01887459083918,1.60530317457276,2.04528056270312,2.44258536044574
5.15664670964228,4.68609633371182,1.43612635036633,4.09366071730983
4.39829914586732,5.72554246698493,6.08534541810261,5.42731080898544
7.68123591572163,4.59820002649756,8.13244356158107,4.50334694745883
1.59860803082421,1.24878941438672,1.80113817694305,0.166679137452098
5.08074289605071,5.57897815526704,3.7680399947651,6.84105860084454
8.6877034430427,8.99676469756527,8.404021315039,9.93053387061105
3.46723790691549,4.33737430411959,4.85394641926195,8.09051205288155
6.56969942293624,8.63162599620816,3.31092615289134,7.14336620496364
-2.74118408022986,-1.01826878865386,-0.519041217307097,3.23323179371318
4.23029936073787,2.66482322821673,3.03882654247911,3.85104853850869
4.04905076898057,3.62181108904778,5.2806788922983,5.75821813287661
1.93139363241192,2.9157771165806,3.87433749995349,0.601073118172366
5.44993767270098,2.76427322225885,3.92081681468066,5.61509057788715
5.93782118775663,5.06033332409015,4.16577235233722,6.14245502254428
1.49283851964744,1.82591197776985,4.53868051172291,3.2287462150301
5.09624772269693,9.37408552033248,5.73625908714214,5.9920381159786
4.46092346967592,3.76419891283771,3.41293190287399,7.87367492057257
6.11463379296947,4.4762729311221,4.00919757826051,6.41531046409522
6.67722309837479,6.53208342635698,8.36752651774061,4.64555345217523
9.66143584634725,9.79186208548156,8.53365224537886,7.46203469365055
1.88552442031596,5.22460234960912,4.21816327558607,5.20386753797664
6.57000879477208,3.44774561765185,4.74369585424474,4.6335946589061
4.45853880541087,2.57598630877861,6.61691751629002,4.49667622971568
3.26832160057655,4.35986503793194,4.40136318344041,5.98480306443047
1.68737183088983,3.43607080089495,1.59036949963653,0.208542434685042
4.46779113201844,4.44104776111529,6.61350989153581,4.28979183910277
2.76478660623501,3.02251305948366,3.44419332910966,4.60364475049487
7.30522136187239,6.54429850932674,8.75625165256203,5.95164135177362
6.78218631801302,6.67756492849812,6.12784827820403,8.4834512071625
5.50114028395304,5.09309156314506,5.76987140978223,2.06613229541364
6.19163314258562,3.55632534661596,5.1529464169067,6.92368135153959
5.82415983370707,2.26860142478533,6.94188548926084,6.12630380988614
8.7321108919636,4.31188168404067,7.98182054345483,5.54405381994643
6.06580714729487,5.62660596239144,5.43723801584832,2.43563333593767
3.12433153632701,5.12919159330679,-1.10493141686384,3.6956188248455
5.61325786528677,4.05170532554528,2.04690450363363,2.76727353309249
4.39835247551161,7.37803050274527,5.6807246846651,6.40904072791757
5.18258386091817,7.20751824680367,2.95566870284413,8.3401854414268
5.20765512736119,4.43316549750056,6.5243345806009,6.57749834619042
6.78904237779528,6.00825095158551,5.53726447444969,8.93426492439421
3.08604940071705,2.43123370763361,4.83116961527424,3.68741152996962
7.4819519812375,4.01771337266225,7.33031545659972,7.47496866055512
4.95361690422317,5.6891587197981,8.71038523525232,7.03233696003651
5.50567556998283,5.4938606283367,5.73314829937994,3.11471883211018
4.59039756672477,4.11898765885605,3.41015864604574,2.67265151848173
5.40508076184566,2.47225358173048,5.0016981851436,4.32409271029494
4.49190978907206,4.20862986373581,4.4743991133715,3.22848537564578
7.11629263373464,7.02818319821335,9.63922633492201,8.79035144131442
5.05955975643562,5.96933153714038,6.41782578524152,5.53009021715555
0.266451029175144,2.62952268005486,0.864396407375417,3.10159282791775
4.7584934464586,2.73609649866212,5.86325157305624,5.31017792301674
6.25436159263188,7.6845010509462,5.30768761591264,8.50774732443645
2.95418353372518,5.00940600486792,3.70259819131322,6.27669615115271
7.57544506638739,3.34158505476834,5.30768642626392,6.40403759836789
5.90590479362583,5.69868685483335,3.848856463144,4.69310103788239
4.21680420936608,6.05905363538206,5.55800600094876,5.69236203970639
9.15238696195568,5.69054492430411,10.3392148921142,8.85768173622001
6.18712818414414,7.49162648818165,6.92943820290219,4.51161509519343
2.89781710766005,5.63067017533436,6.82387854977486,6.54058705429357
5.10263968060771,5.85273084540667,4.93879978101611,4.45765424815686
3.01620186213291,2.89525775910327,4.19542121739938,5.27724762623339
9.49695287049378,8.86186475651837,9.06424343615994,7.24792535485849
3.72958773219217,2.25481830517254,4.11906512420013,4.87800761754596
4.66458899295876,1.95150106550085,2.87684838126466,4.29131536927836
7.50267001000226,4.67893599550116,5.46492161750214,7.32489353393981
6.46474372506011,9.19355267565549,8.99292014056973,7.037168440299
3.37560065471942,6.27061918410258,5.35423736966714,6.5163862619663
2.36350891287133,5.00561094070812,3.15361815358173,1.17952232363897
2.08387881510792,1.72090023603111,3.49187984346338,1.09404850992668
7.65948241973302,8.61395619145548,6.92579456531054,7.8760206258484
6.48241271595045,4.59863758943402,4.17228568528608,5.68690537940337
8.17218071084233,6.60056276620586,5.73437905987857,6.79987329505362
6.93306272866025,9.81831134813249,9.23085932061451,8.69005691943149
0.209622465673339,2.7439638397871,1.91774824662868,3.11331999809673
3.39446357423103,3.73331986033802,3.75589771774855,2.6063062791378
4.28491740234155,4.80521677617031,6.51972940571183,5.95379951449599
3.23519928549454,4.78224947006693,4.52721217432596,7.26038538421525
3.46765835169401,4.21824671394841,4.41910732637817,4.70712058997331
5.15650698699905,4.50071707983038,8.20117291477249,6.14591707084421
5.1067319682051,5.30977740178393,3.44403135419042,6.57831626784596
-0.409946054681025,1.44812460882255,3.40862557355489,3.29690421340429
0.864065293631875,3.91936811828816,3.54813404417317,2.65938457367346
4.41095666997877,4.75041427789706,2.79775596419253,3.77085399636198
4.73560375926467,2.9546530711732,1.37033672202988,2.34346050354096
4.51836707593617,4.52100581625163,4.85281239340605,3.35245857166291
4.78834115969861,2.77900711676194,4.22566919668255,2.34951618381273
-2.49972476990768,2.58862191411525,2.6154411031733,0.983031748815781
4.47760161067178,7.9942301610985,5.65580243438145,8.76467968322183
7.55992758568062,7.12299814991728,7.5550668364115,5.20300920097481
5.20572329151475,7.19991771266796,9.12138294503099,5.88232131403269
6.70325895934473,6.81432069116035,9.79331827487739,6.68319624996784
7.07480653521417,5.1422832117962,5.53015441125776,5.05044440137632
8.22886847151055,5.57566189495887,9.41718150552584,7.39725218424628
3.37913415871328,8.07784853687618,4.56490799252713,6.08178311959155
6.48552733689002,3.96170736570724,8.33487428559184,8.36697749927398
7.26810035532031,4.6910205186704,7.72611859145561,3.16192875588984
0.951825998850005,1.26697927968831,-0.531936310137904,0.160140005344386
2.93742994291697,4.75958731951434,2.71477698626444,0.148704641070866
1.32104951167584,1.36919804133467,2.56020750168961,3.83947686543807
6.36655617175107,8.61433476864028,9.23003086328305,7.86478115114618
4.4721700921186,1.65686574416441,1.68927980166187,1.74705481678277
3.95461288228207,4.29382353361243,1.64720553989227,4.15067068072492
6.26082738928792,4.40212038468637,3.00714226323097,5.44440769899782
7.25945173602341,4.47402228970971,6.47513170147818,5.56928623746273
7.09024116135203,6.54159764577306,6.41270283714788,5.62983691342779
5.93476471398531,7.47408144371357,6.45965154425206,6.6717688117646
6.42945513132674,4.0690952443748,4.32731645741621,7.19578062267247
10.437641218546,7.29819525955241,11.0286400224103,10.2375009284748
2.94908768080299,3.5769054739212,5.09772712767528,3.95487359497846
5.96314423442564,3.31228816500853,5.67337262943846,3.74982791520488
6.32199446687747,8.9439176746375,6.38575912270276,7.64125450058378
3.61784613719882,6.44618484682873,3.72102007815208,4.67689438743542
0.864269140395754,3.0485766403838,1.92416518420846,3.57039175837717
0.377300031319941,3.30501432560374,3.7056781132416,2.102872051076
3.83022289512503,5.48607651012729,5.36871990162963,2.69917302183018
6.73792152751499,4.8212574628017,4.36928330538079,8.27297494296053
1.22230297826684,0.621533917900911,2.85042850916105,2.13417719466319
3.87118833771228,2.19487133773834,0.713896574224555,4.56824474221752
6.97818019837794,5.38029641090688,3.16952440511094,5.11337648647277
5.50620536072965,8.40696780271658,7.63649005512576,6.78353993742671
7.17263371568399,3.22611742212072,6.43970798371801,6.24725236164615
3.75527746043694,5.6475493003469,3.67444291288906,2.85965302284074
4.68450403755429,7.44285362626936,3.61565706006558,6.37733886935619
4.70539530266076,4.13675890874258,5.74391761793912,5.0221676753991
3.49860986016121,5.69435137748837,5.93633505377975,4.98808586843841
3.78529691266681,5.22512951490248,4.72916891891855,5.70641756748485
0.28307100066786,3.05433617827701,1.55800193201999,0.290451237709574
3.67033063119938,3.29745568118476,4.13722869746908,5.29043564770142
4.50609048722402,2.84405267687567,5.42850524878479,3.18311077325571
9.55026601868301,6.66893291422439,3.56128403057042,5.2107148611074
2.79067877651638,2.89798328342694,3.07180727918974,3.57332950609092
5.02571765334124,6.90962943494077,2.99397111815816,4.91069310817965
4.1618067687674,4.5137182564842,3.59393069734878,4.72698294148124
5.57052653054865,5.37127420270798,3.44637526114751,6.38671464694194
5.78203535487221,5.92543528625718,5.02180774409321,7.37229918182376
5.70419444460314,4.1211050035208,4.06890969156941,4.52396617944455
1.82131950496689,1.87696752539216,1.62995834828918,3.8007876024874
7.26328998908086,6.27396949812377,5.38923696664159,5.26441646604649
7.24576742056466,6.85199967369727,9.02895028645223,7.54778009015787
6.58008253629264,5.76632226365218,3.66667295028428,3.64279109802794
-0.201670174149449,-0.382564209853245,2.07160068172987,0.379147475413413
6.11472532196071,1.53322969767938,1.62341513302728,2.74468760143957
7.86475577506942,3.05389888495403,6.13143779113807,6.42159503016167
8.93962510226598,8.8727363715826,10.1130528145326,7.79571054036287
7.05586892783717,5.0230939751222,5.04351525133818,2.64319851977208
5.11410059904735,4.62982242825526,6.21254523282455,4.71311631839122
5.03146335914088,3.20754939349032,1.62197856121452,2.60507043390491
2.7459140578177,2.36061311405364,3.50193107843906,2.91115488061485
5.57010435388908,4.37097376729325,5.65040104272069,5.46723000969805
8.50813312266001,7.89341659915528,4.98586225074956,8.2522474422466
4.92378700490497,4.66991188159109,5.75371005548543,5.49721703364966
8.48057348154038,6.81090078163732,8.06903989637983,5.95407240978641
4.11138262811564,7.14339702541258,2.12143766299089,2.03128169919629
4.399275299139,8.29098419948383,5.68351330410305,6.8970193528425
4.18078443713555,6.25077609221316,5.67381408398614,6.23875797334198
1.02282846374674,1.40047153290836,3.02956940820215,2.20557044465932
4.627762078618,0.500457148428596,2.70927779700468,3.89076408961768
4.19346068393758,5.04758972666998,2.87528819020592,3.37165754354161
4.27180487553387,1.59802176108364,4.26173477034366,5.99089191590153
4.70932006169695,2.24400489797796,5.990086074827,3.88676356582802
5.17579880904402,7.39390498031462,5.79152362618075,6.57240350703812
4.22909127152662,7.68077873853746,3.57773080048608,2.50411614376643
-0.468939011505362,-1.78927278856288,-2.56834762865887,1.61016277130949
6.68152282608829,7.98698781325063,6.7045081659669,7.11332920854098
5.51522861557803,6.49308807693165,1.0838194618455,5.39361197428932
1.60969017404647,2.94436898801386,4.3210550042859,3.66903732109678
5.82571926347593,5.24567248779465,4.36871068122174,4.67741262906745
7.72756651471288,7.05874215134522,6.13263239849198,5.19010607135412
2.62484898655972,5.63239231361883,6.18455780661926,5.68757724307967
7.29449639654074,3.90053675400772,6.7626458102141,4.86960362708615
6.41426307366764,7.17067838084497,8.23190035047993,6.25614478007476
1.62365152509345,1.15771743858836,1.14657772257939,0.696239415108386
3.53309610704459,4.72788928244076,5.86764433926581,3.59858004408789
4.24879526936356,7.06315271633482,4.80793249359273,4.55175621596295
4.35205340393579,3.69361210178165,3.09849943851006,6.14415803279967
4.80620305050823,4.00279673875113,5.8693350018258,2.84198740864964
3.02043870685829,4.31577613061305,7.03536893506473,7.77082411347702
4.71300977479049,6.6149262340121,5.09558293330855,5.42548694427345
8.19212064398489,5.0329505065976,6.87953606193607,6.74427522852802
6.61334596111593,8.15267019844083,9.01047024837793,6.94496622015839
7.67889403630438,4.77502642527644,5.31251458408444,4.79826678743269
4.0816980829423,3.551374135653,4.46040506043395,3.79760124913688
3.71711475768879,3.21974354176367,3.92366240487277,4.42949414430773
1.29489596148416,4.66817610337337,3.62221072128074,4.5786246054439
3.29549517529368,2.26923740021894,5.4966691283956,6.17043335479942
5.11452145290694,3.33475835169512,4.75270374411054,3.65072572340799
2.98954213802634,2.75430609573293,2.17612785271327,2.63488077252629
5.68418919796899,4.15754253384349,4.07516624025311,4.2603764673141
5.73457615103707,6.14525503828379,10.1364056437175,5.9400562772993
8.94990085492963,9.71322325752764,9.31380828508148,10.777975940541
9.8198794332671,5.59064455206078,7.97062863372249,8.27985745043827
8.76385182150973,7.73861641909334,6.79904668691187,8.15014240468175
2.68412177786246,3.48644847602642,1.16408464433691,1.60116122789774
1.48358683721273,1.33235792273325,5.77766971422224,4.00831590596861
4.87529039736094,2.67368615359627,6.13097233847995,6.0935846055067
5.28333662301655,5.69745444443771,8.6748871257635,6.94420442580545
6.29038968743802,5.98224457006339,5.33247814710708,5.16983148628534
4.14533952630452,5.40477990709823,5.69371066416332,6.10954507416851
0.235705684273436,1.99816030837749,1.04712903790454,1.18209234748094
8.47002175155728,7.67369563979711,8.40118430669909,8.48865388106769
2.86589176601268,3.20272230766115,0.605659847989462,1.70346762151261
5.55948187605614,3.39876943133407,4.41474345150213,6.50616638315597
9.53374737253254,8.1468048508775,5.26309826083236,9.88646851648511
3.0076434067244,5.83372551547997,5.78337286540605,4.29935332105782
0.959753224560393,2.87336696476582,4.03904533329909,4.24425328134087
6.38765080693123,1.7824184150389,3.73635358189027,5.62872142557029
4.14066690627606,3.63108421192625,3.04430414883818,3.20590817943307
0.998613721609862,6.10032556874766,1.77192814373048,3.93490417623489
2.79261878573784,3.72517491062426,3.5259337308538,4.38111797751593
6.71012299485244,6.12409949831773,8.02302926583386,7.28591872447238
7.614251416834,8.26130616715412,5.92186125923917,6.14323212260086
4.49681863404682,4.14022997434053,5.61331040984182,4.83329918518887
6.67368838072958,6.18925225954996,3.94090505461797,5.36006837343509
5.08150442316527,5.47846195576463,6.01948021287992,4.78909235925788
2.82851153361959,2.35067557797286,3.44613331461409,4.79775695911891
6.50853067837708,6.76230410049067,6.48353694513209,8.3338039665009
5.48165877663146,3.77236175230825,6.91380763088267,7.12634324569266
3.38891480369625,4.69599806746882,3.46226978632293,4.88004419941758
1.63720197416603,3.25455755350919,2.18681036531164,0.855998616802883
9.15448552714739,6.70312164193458,7.06182658585157,6.5939454922497
6.10479173581834,3.57383114117612,7.36343181898938,3.75897980203306
5.77891618694492,2.67057362525967,3.88218399761273,7.00173332976454
4.53424162339471,1.9617069096837,4.6113596151805,6.20862940221398
4.60071498213932,1.67625982356392,6.81762482587552,4.69036786729795
4.83287674169831,7.15692273516856,5.29221234284923,5.09910470518472
5.18759112662674,5.02622689817144,3.7508695772959,5.37438534954436
6.2916529861794,2.97945081994328,3.84032097004041,5.67982087626647
7.02896963701155,5.27807550046816,7.01378615278199,5.3140265812271
3.45286917521906,2.58142680593721,3.79157835575647,4.20779828195544
7.55584128658971,6.63312286236339,7.57107104788824,5.93789139712275
0.457514485607243,0.490314837333971,0.2366723045216,0.00851904187301455
2.41945304617997,5.66273718420209,5.22334217136334,4.20586135809944
3.14780954592385,4.69698382513533,4.07177362881675,7.01774638954559
3.83217155055179,7.2295067952894,5.52381881117194,3.44941011488876
5.26142364051078,7.01513132740008,5.77025258726332,7.09962845998835
6.34449763436627,7.87906470402704,8.05128283131262,6.91102247539329
2.63459450164074,5.69819113725701,3.07210706710521,6.37008885743647
4.89057462347307,7.80025373663772,8.98392173693756,5.91765303011342
5.92521848797632,6.68995999626715,6.2854788580219,6.77100606182238
5.02774634301567,5.24198966052554,5.5836479411565,3.1049778997305
6.26779058192809,4.22463873389795,7.78627158071084,6.0336461202049
-0.056405214237592,-0.697785641665624,3.83085115708634,1.39087175821071
8.10984730663112,6.60697835736756,8.94820922448518,6.73692357072405
9.0812798617478,5.73223319517275,6.06393015320008,5.87675391511121
5.44522220833813,4.46857206315654,4.78161257714896,6.09270784713968
1.8552226453083,4.11248113424533,4.29036818367174,2.66843529927617
6.49141280900338,5.39839511430112,3.69895477048745,1.89769367566895
0.07269904267706,1.63266090708154,2.95639480730525,2.44960951410323
5.3576120755983,5.48423431215347,5.37914106575173,6.90442392693347
2.86433097256263,1.29656466180945,3.01532887712025,4.86290369793693
3.98062809479443,4.14713701223337,5.0917804365645,5.16789524145689
5.78301710817688,4.95594482389024,3.36743789012838,5.04828662337326
4.7882376211655,2.02992057989989,4.42414831991674,6.39798220557105
3.50664197423873,5.85328810850843,6.54504455409417,4.8871096627566
3.68465341378114,0.832851304797346,1.23693194236113,1.44887273663455
6.67662068503919,5.47161523330795,7.47560305626512,4.03191588633265
5.79981882738639,5.24398279113464,5.98683098152876,3.83599264197938
7.58423497521981,9.7045728087794,7.81247938749658,8.73926706591652
3.80006227709989,4.09191507354751,4.06362358972441,4.56460470191788
8.79969106107612,8.69447610064483,9.18817518582293,9.3819061991703
4.11980704153605,7.70390966243059,6.89253995947463,7.35273366482864
4.7916832301878,5.19516599179586,6.54540137440552,6.24349071611322
9.96414836178716,7.92578054802441,6.44632137589697,8.6873175325658
5.15363403101006,5.923495453093,4.15971898824109,5.67911577200131
2.71917152564397,1.91345598436639,3.98900100285678,4.03676814981523
4.65172019798767,7.62986532159883,5.89576406363129,7.20890487699279
7.46627883398946,6.96297191362475,9.47727039992595,9.12866186143581
3.40129484626077,2.13742969633301,2.8348672967522,4.02831569718755
8.04338286784064,9.76518816060402,10.3608651316146,7.68770488895043
7.31965283369123,8.94376161671546,7.25082152923671,8.26467520045059
6.09991626724511,7.18633327094611,5.6683809245883,5.71572569186156
4.59581542696247,7.22891638964526,8.04671575758181,4.11336217071254
5.40403925962884,4.5622189836006,4.95420192886207,4.22488839266936
6.33295906657708,3.01147502487691,5.48794574238365,5.5308265947391
4.72622274966549,4.50642672457633,1.72895674894685,5.08086525686473
3.59701136453323,2.57008541828369,2.86791008823891,-0.740518187531135
4.05671609258378,4.90501946218474,2.67604733127533,4.43875204299398
6.76637713665921,5.28673730118294,4.84193346162335,2.06069661909695
5.83924436087,5.44300289313792,6.66406108167053,7.49801084942933
3.78277476146577,4.20268793849106,4.9941333721031,2.02238769818429
4.18319661907761,3.82071773806679,3.86381527734074,3.51800971322586
3.22654452408672,6.76835644245894,4.09720517325767,1.24343165135605
8.17495230446225,6.5932503318374,7.42380347910812,7.19366526253791
8.66067375347979,10.8989961153854,10.4587898862335,7.31710438663582
7.21608170247488,7.06003540942757,7.70316196628235,7.4135261678027
4.24853116070554,2.85108762876827,3.32754096924952,3.70079093247215
8.35399021925975,4.33640256856807,4.74675287534069,4.87306951400043
4.97490910652412,5.12916520712502,4.9414408071765,5.3951334505097
7.57208904968341,9.59832066741865,8.34374188754337,5.93424254122255
1.92421255815777,0.837359735536609,0.781231029538299,1.37762367016626
7.05945590090689,6.16474060247901,4.6065113664134,3.04847382774692
4.99717683066567,6.35900294861778,5.61281192143713,3.56908088398101
8.10423456682107,3.25153835153582,4.83563709366354,8.484481501701
1.90058017616066,4.94262077043781,6.14586564650103,4.65573085275768
5.60443429926836,4.11446003350059,5.21039389890103,5.34564759292971
3.69018028339257,4.63799413657139,6.66968865689854,4.77354388510904
5.72961491950229,7.62559467587872,5.8486046794084,6.21866145226101
3.06294095878115,7.85608588192775,3.22410887774644,3.52317177315327
5.33423586927815,8.23872389511581,6.42669137496936,8.53401439502544
5.81725563914564,3.22367899055019,5.08839711863601,3.852262266152
5.51125209331097,8.242433564027,7.81521162880599,5.04287834297885
8.28279031112511,10.6967682584352,6.12991847411456,6.2054186983559
6.2358589266972,6.9471795807943,7.05667455907306,7.78686075706631
4.4296344417238,4.11000683730106,4.15963711022944,6.80896962560113
6.27182755968781,6.91723817787648,7.14913494731517,6.51077703985981
8.39327233311117,5.7590401889893,7.82564565460011,7.88564455447194
9.28241304309659,5.0780651201273,6.75735179411194,5.88667952730043
6.4005806979109,8.12294812491768,7.14021790695973,4.34179893135773
4.12171605612874,4.38659755608474,6.32668015250941,2.40198769295803
2.16858998790828,3.92032373271455,4.15143408459332,6.27953203011249
6.33942942135662,4.76617049848704,2.02542199650779,6.86149224897601
5.97004384355551,5.29745260066063,5.12181667071239,5.3046871004593
4.51581433061853,4.7115191241815,4.7968875067888,5.58769338799777
3.54684616049708,4.80806449647282,3.19945321404664,4.42502197412698
6.41554125128842,2.22647326224854,3.75736701884838,2.70931607515898
8.62892267304023,6.31412866113057,5.51473113054318,7.13191364024324
6.52897053627094,1.24028889852277,5.50225300372482,3.56777489520238
3.76427298516111,3.15349592688158,3.37425745653584,4.95594252910747
4.85124896387604,3.51335186881474,3.74898418517155,4.39846842519116
6.08365275721575,4.25085423166414,7.67059374422062,4.52018174260008
5.29834026791567,4.1897967337945,3.88379600683031,2.66638119512899
7.02888014443724,3.90399652328088,4.32216006702435,4.48372469506925
6.34655545398005,5.28948348734212,5.8189703063499,8.27751023863186
3.18745532899843,3.10603872518362,-0.135593638657869,1.06094661546069
4.06226238562233,2.42441865615093,5.20996498239082,2.80642131514582
6.98967731286294,3.14251543045974,4.47992393261592,4.60897327326907
5.14291095332952,8.34777893451596,6.79885580726204,5.02113390746204
5.19235729915005,3.51939890311642,4.67073366035108,6.05164900624406
8.65244933841649,8.15508908688938,10.2777991615394,9.29046308208045
6.34969265794416,6.17892449967223,2.73202510664406,1.64035559381439
8.63970535950203,7.44044437547265,6.74552635794845,9.33989066919056
5.82450713789415,5.37498646645621,4.9772600254279,3.67508552505161
8.68429624053784,6.67502550544755,7.18610282370823,7.02428832589041
3.0410860113103,4.29273390117903,7.0829306464604,5.78459563482262
7.90050585212309,5.84553144636374,3.91597602559123,5.44694293032818
2.29206419827771,5.23340950762944,3.33573473985383,6.41786268225082
7.16965682916397,3.48137935880586,4.9040453285132,4.41345902714131
3.08873636464224,3.08847631019899,3.2819392561384,4.91625165678309
9.72968765928481,5.66197939317303,9.16826112018911,10.828288284161
5.43499125882758,7.95347550267027,8.48389119826797,5.96256508895903
3.44224159881046,4.54406257724709,4.62374450542001,4.44645126636656
4.56938647862546,2.34504158786425,3.940995890442,3.9621516747962
0.324548895689115,1.30337882120957,1.56618408579541,1.43835953988006
9.95901023960933,4.06907849246821,6.31776760650298,4.33605637522427
6.12239240650415,6.78574861583316,5.80286080955369,3.81670796206937
5.47359091246138,7.14358744662072,5.56514883761292,5.05427993508936
4.0278076013623,4.52502589199933,5.69472151714655,6.47446480909224
5.6840845006587,7.43512216049963,6.0272374338427,4.10460293071608
5.82204326335013,2.77345446280079,2.12361334204682,5.40099150853797
6.44214465178087,8.29028162487298,7.13650711591597,9.12179176200671
2.1861402219519,5.23042922264354,4.89590798719414,2.68316368607913
4.63212557695363,5.99155888205231,4.20451066483337,6.36800169845663
4.47766467766105,6.00622553004736,3.48957831627385,2.97814283222982
4.68881875856892,8.83353831033703,6.53594029588275,8.73376657283689
5.61332207409915,5.1362798255998,4.67280758845118,5.54925952494668
1.9506021283081,0.942204109297448,1.04491044612278,1.49942511533276
7.04717578468318,5.55178717547814,4.98532312060433,5.11557511367063
3.93701050355592,6.47394078239347,9.77358963673784,4.7890243852434
7.45700671863936,5.52791182410443,5.65030358160401,5.43956129063483
3.96788293851581,4.53338499645275,2.75441268675486,4.66714968942896
4.41347680549952,3.28780026159493,4.14229019590894,4.40651803292048
1.30218619700295,5.55714040076557,4.42143732776259,2.2196124936781
5.0989944515355,3.27548305197753,6.38842497198751,1.80299260946113
4.77273596742201,6.19641684884335,7.53418610980554,7.92023816315402
6.21964063748065,4.72170592418767,8.26961018249266,4.45960211497982
10.179697997203,11.1945635689476,8.53015875387115,5.33007879134968
1.58407029557524,0.853287090174728,4.12626908290243,2.03932252154514
4.17006885112351,5.41247694552642,5.81180585468809,5.18244659309341
9.62451726358988,8.46515500219957,8.71970536803834,9.71171055438158
5.45544489553943,4.96851417277974,3.27788363790786,4.07667968207344
8.1438558823969,2.41450735039072,6.82540603164651,7.51243635930547
1.65776322674868,6.78736764311553,3.32563773714772,4.35889698166347
2.68305491713345,3.89578323458436,2.63719195352501,0.877162394647229
3.7545608542939,2.78873394678275,0.589068854449927,1.45401379976611
3.34935291745323,4.38851216418495,3.85198070806839,3.03876064881976
4.23926980483905,6.75849555131585,5.05645704887361,5.01760780212236
6.38374820303738,4.31025508801879,5.57162035579127,4.45515473168266
7.04681207330872,4.97011462931919,6.94274797444169,6.15945000137975
4.93699817768042,6.22022170129182,3.01505987763517,6.63422301333587
0.745004172741549,0.713002641505789,-0.659872793690443,-0.0163575377313459
2.9241527585681,4.123715994858,4.76150786159004,5.68151635130365
5.00005036669705,4.80287418128423,1.50521639671783,1.91869817743402
3.5513161447665,6.3364631341021,3.29288570277398,6.54554645774904
4.40860071063874,5.15918672488399,4.937813695284,2.05911194915629
5.1503875143064,4.21256356019726,7.00804888088509,4.05604201329087
4.7207805961939,4.60801718919777,3.09577911794014,2.91313255602593
2.78070481196586,2.40013325809897,5.82645303209623,4.49100912305917
7.85666367503862,9.79657938449998,5.48863601841807,6.1274698901162
3.38585257876354,4.56299266359599,3.66619447359852,4.08343779279671
4.2089160644759,7.97818509373901,3.86665761597063,7.17618784444903
5.02017599885305,4.72747328232632,4.70546811580141,5.44586437746279
5.53524141378947,4.17206434647206,3.07481157518701,5.18105562846274
7.426335741483,6.88305361304578,7.61240500099434,5.56423189483059
7.24325234128214,2.90943136558169,2.00632355516698,5.68651318398229
7.32843910826229,5.93454081725101,4.46237746506405,5.51714872510437
6.68967912046769,7.91360349653455,6.48750321925329,7.94170805949127
5.62197052699208,6.52276427021617,5.94056799012439,0.839252768726735
4.31311677618978,6.03281963889187,3.15545018287883,4.08378650710767
4.65398005451307,7.10573404111137,5.13204118083381,4.70056311882756
5.30883114920754,8.33949139847311,5.02585216244985,6.32941569543518
3.60425042728331,3.44953727612951,3.90116616341667,3.142674623258
5.08493111962624,6.26609498259343,4.05239832213092,5.44396511452631
7.097117355429,7.04822508496953,5.61721983698359,5.00950961486726
7.32920623845417,7.86084312098099,3.81190434412803,6.88624759993579
2.74825044875395,1.50342370318905,1.85877894261561,3.31961551935346
8.37729627819135,6.59140414485386,5.03903457286996,6.8477135485824
2.37078957373391,7.187886497524,4.42513976311442,4.48915323158492
5.07545762718988,3.81957542758812,2.91835992894991,1.74643206441888
4.6079728725409,1.73901471784244,3.86117576165815,1.61953590824466
4.23361560351553,6.03854162917063,3.03692809349877,3.51345260589122
8.89502883335561,7.92763802429387,6.23132153366879,5.84892654498524
5.67346243270958,5.00239260861042,7.59683191847288,5.00231041694161
2.03979643865456,5.10888338794655,0.556484968593212,2.99671314980214
3.50177984480028,0.664229193660671,2.24489462843826,2.49387640601732
6.66294368714269,4.54674243878927,6.30405214489285,3.40833405952336
3.80456014951105,-0.871486451229432,6.11532578992574,0.430795015017164
6.4173297155913,4.51547660067098,6.98883308331462,4.47789871647343
4.34445541731831,3.88045840836707,3.07793820193583,4.69510873020591
4.92116752557458,6.01316913138865,4.82156667583361,3.88926026122759
5.0405772393539,6.40011627337507,7.49599764012188,4.74455663093356
5.35723273019961,6.87099525324532,5.35187715795995,5.54187566719083
2.90493521141617,6.28790909833597,3.91147176903325,5.59758277368857
2.99793054647833,2.48806100174614,3.81259826939912,3.2522725992551
7.08186262618324,4.25297419236446,4.19396453739668,4.97337957324678
3.76062961878953,8.13779881759171,7.22904487463066,9.05340752552343
4.0251520185996,3.26933484462073,2.21500840211123,4.02259357861238
6.97977617997311,5.84839118813508,5.77167418208428,3.73883021069847
3.44788660199391,8.39769954347654,5.68388895494963,6.85487112271733
5.24893649927086,3.77863778469417,4.10534582502158,6.18471867423469
4.94164434215301,2.96232795128044,4.45490152543805,3.04265204877911
5.6592721430734,5.05961566793628,5.24771276924817,4.91832664497954
9.31272420326211,6.90283667274806,6.24479035050847,6.56296782026359
7.62025194528888,6.04171023832442,4.83300185351712,3.53789519910071
6.07871985596497,5.60352343564352,5.79691873515696,7.07493827300554
4.1688065228018,5.25269102207433,2.84563803455903,3.80245008315078
5.50901146347179,3.50635945574011,3.00921811446811,6.88538612857215
8.88933633187474,6.67312075523085,5.39630035058538,7.90994039545032
10.1404553735206,10.717819996047,7.94632847620594,9.44040451570725
9.39290331564587,7.73526457917256,8.8964813264062,6.77452302049531
7.04229750100736,4.18631565191342,5.46450961113093,6.82324670415855
5.46222833232826,6.32263413913688,8.66247255873726,4.94896397730123
4.42886224902902,2.67386615161554,6.36012666338679,5.8816349997447
3.78398308287281,4.63371014105254,3.64088257383491,0.410483412306834
0.782812957685519,2.77202762379027,3.16768833318737,2.26056452219477
6.60308077589828,4.91037129051507,6.53333562495698,6.94041875564859
3.55546424774707,4.50909023698653,2.79325122302991,5.01193642547872
-0.0811606470421287,-0.408990105534722,1.25465956864618,1.13433111401394
4.76942235337,4.44018878738052,4.41832189265937,5.32786185870392
5.71038572387655,4.84888277462017,3.33267964379433,2.03320210000645
2.00958176746101,2.20166990927562,0.340371010118526,2.18198324256112
5.30263103069331,2.84799470363142,5.1204576066377,5.3702446300208
2.36083739883831,7.10052686148435,8.05765503341631,1.82445280943164
6.68142999840783,7.55520244671055,7.62865595285431,10.5424110030308
3.54819137308934,3.4467286857787,5.72751583183838,4.56456312944243
5.21396688809494,4.99338007176632,6.89581950120669,4.79442952068665
0.137158047318255,-2.16301644737673,0.776272208476867,2.62425923830403
7.11853782228868,6.0689853962205,6.16965811951956,7.76589830077466
9.10139083614673,7.76159366770293,8.38913961659155,8.17737475451804
4.97657812285075,3.18061206818801,4.76488018993797,4.64592540078224
9.63735330638639,6.6921441400861,6.25561174900984,7.16694576746841
2.94226625957502,2.22454994269823,4.39487937133349,4.92925073435353
5.00586374561384,9.06947921129002,4.89796088681733,8.00752392449485
5.20860833742598,5.70491858477487,5.21186637995278,5.51846740322841
3.93136442185984,4.36615098549917,2.95593136119563,3.40276303338896
4.66288221549504,3.80127634751538,6.48577833692032,5.32622892767953
7.1039436333796,8.9560568876934,5.54975018778253,6.924649973943
5.13529875894431,10.0010003196815,7.04431867498319,6.0086485105947
3.04346309224585,5.63016928872993,5.71889136922862,5.19204931728599
7.22234233924237,4.94090064715087,5.05027338007659,7.04396177496774
4.24531504993759,3.23733439828295,2.44636990612141,2.78913337606373
6.89017892422738,4.77121954849618,4.1086975910477,5.02210517494198
4.52011878549213,4.68332501605978,4.78497803852231,4.44117054355764
4.25349269842483,5.30404715288653,6.30879694856978,4.45928026525125
2.62888282120234,5.16215065214705,3.84337679618926,5.00870854193092
7.50524163695775,8.36321186756524,7.67191447823472,6.67101662445904
4.09896678354815,3.04414962808481,1.42817084652874,-0.551650100146658
6.61756354607302,7.5379457091581,7.39992479134007,6.8563420543067
8.73327649584972,9.48579693701961,7.40367444054935,9.05432892146045
8.84948059236558,7.7703423175634,7.99622478416275,7.80839632193265
3.29080050939385,3.9873706727634,2.48213279008348,3.57967902720099
5.06641509373962,5.71239212633597,5.68213481838271,5.75260390805671
1.74747010336939,2.06740548729403,3.25792677187164,3.09663067262015
4.55419967609584,3.13257653681239,4.63383171044378,4.8944625131676
4.40041037981155,6.56685087435687,7.44274578095205,4.20133645704538
5.08481019040069,6.24807789082824,5.36475479957834,4.78463065566662
6.79178740407046,5.01750594881882,8.19430516865383,7.90621056318185
4.51169239157925,2.74509356985892,3.9226001296164,5.14759173227581
0.787273109085307,2.77667040961416,6.23061155441879,2.71386743346147
3.37089325604906,6.96362483969275,6.68293860303711,5.46805659162065
4.08534291196726,3.87266556305905,3.09291191398597,6.2757379274193
5.16088034726811,3.89472585261877,3.7395122995253,5.71642302287458
5.3494591386407,5.82220934383724,7.0383928807561,8.66513973100555
2.31468124776368,3.137067736919,3.69783465880697,4.77114020279217
2.42975612290404,1.33771305673168,2.5713763885702,4.7488808287661
7.58462983419571,8.00263446788179,4.76484609458414,5.10820571223507
9.10998562080465,9.56912755873355,7.91870992775261,8.01544488069693
4.24769301444149,10.216824928379,6.47407256993311,4.71313139356269
6.40133604779651,5.33686763681127,4.12940753281454,3.57073191591956
5.4096595039963,3.65417763533961,5.95789734312787,3.77028172591171
6.76567541502869,6.91076713105373,9.55812442763541,5.57635197215246
5.21903975061952,2.96421288915559,3.23419159849973,6.049931157308
5.84342782838697,8.24973727264307,7.08534113961547,8.82610321395159
5.36239520852378,4.90634961426316,3.27599554933785,4.87706879513654
2.51889843763553,1.69198787115649,6.4995377269756,2.92880621796759
5.4775865366959,6.15732755526258,3.10401530296429,4.93017065790335
3.58675300949762,7.08819042324581,3.90292866116348,5.97950218544169
7.65424646352447,7.83467415496236,6.42736528475425,6.00656693313381
2.29655977898553,2.25353972634311,3.74413602475705,5.06303774089425
6.4728888084831,6.44773364748529,6.58864102782397,7.4233659648263
6.19579713358391,4.13736429014853,5.43223903535319,5.16092901169644
4.21612964270279,2.29567754330912,4.98705620726595,2.72618709172002
6.02578161835473,3.35400319851296,5.99304537086475,4.26527618338612
2.90015869456732,4.53909680629919,3.41089918506889,1.92591669702501
8.41432686451033,5.70989907609057,6.15484007138603,4.0207154233366
1.95171691885367,0.0946998544284807,2.16408954439409,2.21033223174114
5.75825288709559,5.9023398888972,7.8684404331355,7.16385468970937
3.79790955270575,4.78752724385058,3.55991686975287,6.53812423394064
1.76484308862548,1.93289398131875,1.93395434464855,0.811824257771492
5.97123106472708,5.85451376916133,5.17388359739828,6.95716614120204
5.24844331595658,3.23378799226791,6.3228690683494,6.21444542013791
6.93535873085193,4.78402830963794,4.35028927293898,6.78486047258176
9.97346433814335,5.30527319052626,6.40274179274148,4.97455130391457
5.00538504219759,7.93954048851155,6.11802872340332,7.43803679477857
7.50895107752394,7.51801068918185,9.70261149588853,9.50014608299274
5.72783123458012,4.30577748665302,5.03144019880038,3.56408518218567
4.93221679257695,8.13449513527374,7.40577788195031,6.94995868521379
8.24573641829014,7.41774562302169,8.74943828378902,9.91017434392307
2.52661886145515,3.51845080329299,3.5249906969064,4.70874209317935
1.31201166410479,-0.13375388530841,4.13155986587597,2.40878090205615
0.809060232154693,3.15250418632687,2.52966893551259,4.24128721959081
2.69209559652381,6.98473405301549,5.41950524961252,4.18656820442533
3.77495549217085,5.26665902084911,3.98916677303399,3.94271826346764
8.42893025233665,7.53132459025976,5.80208921221667,9.34830075532355
3.45378491182933,1.30399808167206,4.31248474912264,3.28666040754525
1.87534846847501,3.15907501486892,4.18585946551828,5.14773444653948
3.57428859699723,3.05121309125004,4.08659334224509,3.87749199170069
7.27206668521449,5.66467964740625,3.20647323270313,6.24352365137493
3.28723409705048,4.50615076580484,3.44728818638305,4.1655116735662
4.12426680212939,7.08466569846646,6.17768179689472,7.17391191535587
5.88049774390077,8.05587020298873,4.44629391012989,5.70515297633589
3.76067846315933,3.80405651364036,6.13243230831034,5.63170660928176
5.18049713655276,1.03119397511818,2.42136797585702,3.61793450059476
3.74461262644195,3.55668216446521,5.1009019997711,2.19860920220392
7.93613434836275,6.58461207970585,6.48484617624435,7.70138078481762
4.61348111490478,3.17766746898521,6.21529428898037,4.62415900222168
3.41249761977369,2.78428493262939,6.68532554766348,-0.305497093117713
5.50098410304755,5.90616869118779,5.88058810666414,6.09163747709279
3.1145244662346,3.5278806294437,0.600353036146184,1.32540650591915
6.09083000757686,3.54412564549442,5.27121696647219,4.64868780638354
6.58722088978587,6.26940302508204,7.10078212787057,5.93877924716003
6.30245921329488,3.80304719594873,5.85023434427695,4.65950256558434
1.72764898349257,1.15672163740011,1.80355520576537,1.11600362272262
3.35265443531253,6.51087254640775,3.88896084868942,6.42743245136708
7.09869000920127,8.0341177419159,7.0583882056601,8.3256013780108
2.21367874859112,0.647974038274372,3.65345683122088,3.69356809372886
1.85011855558505,4.33716385004869,2.58476034637564,3.65526036305695
7.58354234226798,6.28715070172646,6.41212838737492,3.79273383956717
2.86008623181148,4.50463126174841,3.59593417332481,3.55448324527736
4.5065947978252,5.00115758042852,4.29119914520385,6.19095549474869
4.12573610004786,6.09681492027069,4.1038995770452,4.11889311315463
6.00064127711604,5.94318004939329,6.44221275064975,5.3378311144437
6.35906970536764,8.67895630324288,4.49793205554089,7.96081173880027
4.71781100818637,4.66272685396121,5.71750950229595,5.38847116606135
4.68838204458469,4.67725467314589,2.54160785045356,2.68933660155345
7.75868427418939,6.23564817897953,7.64688775298758,7.55420270610354
3.59633139055725,4.09196883268759,4.6470081861009,4.5133015178724
6.10005980456996,4.23131353219566,1.44869299554086,2.08987791845615
6.68997099993921,9.55781720970348,7.7819205340942,6.44389046419425
9.15941835472622,5.09471018433361,5.20811421180089,5.23298978930124
3.87804517217373,4.64505882508986,6.52872423884817,2.60592578408618
9.52931898335393,8.92708132765738,7.0816258039544,7.93456044430391
7.59311487471379,4.24583106405159,7.1628460567472,2.56293531171997
4.42113353904076,4.82196530744448,3.10071672963837,8.56289467627039
5.66680676564866,3.47503858823202,3.141822001556,2.43066652959323
5.71002368857777,5.82787688552856,3.65423408963114,5.77714639377729
4.38850892735682,5.32744821608802,5.98584842182717,3.501882539733
4.05093792546092,0.989629104445622,5.09265987522738,2.0235720101614
7.41881339778951,7.32558829983358,9.43648429184231,7.27528442836792
5.88239181551532,5.25764688721844,3.58041331519997,4.73733099323081
3.54501286294497,5.75523334661973,0.0844485294165098,1.52692565164302
2.94121349259964,2.96299726885348,0.884012254456554,5.00445024382232
3.0315845492942,3.85352730156444,-0.245981530458336,0.915356443342958
4.54147933749442,4.88343274958544,6.64854240689104,5.66848997639086
7.4611950340109,6.28286491439448,4.20391540477772,4.08999097539248
5.0913052779572,3.80982716074332,3.88020932422642,7.1666897486132
-0.812115017484033,1.15354150410781,-1.52209813310321,-0.302056816273272
4.84999494459827,0.356735567534893,4.52046239613362,3.26102323775292
5.40878054000103,4.65651618898744,6.82176836432614,6.2440626754229
6.57212759499467,6.97662543186624,3.73554170315048,9.28061797430091
8.21635952811965,7.70522381226649,8.9165727784603,6.24166540354443
8.34637890281389,6.70650893669111,8.52332546483014,5.91932945116851
4.09874522479611,3.63613157798497,6.07812720169082,4.29841650140575
6.35019312156365,7.02347800061668,6.7387575805138,7.93345762651543
4.37340543047296,3.38213932729301,3.94811261252762,3.59718983418023
1.76117343545181,6.35195090069701,3.87390233832946,3.33745044045743
4.03629851373873,4.38544622412341,4.78880060828008,4.67087297985613
5.9631607941449,-0.376610121183708,0.412758110980851,-0.860126721336453
7.47352215612533,9.90852531881185,6.85700739299397,11.0560621531535
0.974750714241611,1.72875023721621,3.94989501900536,0.616803313857521
4.80126263970989,6.19097657645735,4.58191313345548,6.2024360703793
4.10924249828526,5.37209218882021,4.68211882305964,3.97756751236161
4.91145127331728,4.76331159617301,1.49971279853445,4.54542431760116
3.85451663442211,5.63484761053315,6.75617731583,8.26366647508095
4.10299965250776,5.24379827896256,5.70059704339139,7.25681419861452
5.8406267550882,6.82149582148056,3.75962458372879,5.0839633407376
6.38786718882545,5.96219022939451,6.29031807981413,5.62307580198515
7.30615003283027,5.12360307769203,6.42873898356151,5.54161921540209
3.95610574055593,1.07085344543935,1.60017638218041,3.27986583957451
8.40741492185902,9.58309596214844,6.49523150488663,6.65303204304708
2.14797625538697,4.60233390052571,4.67760684654654,4.30649575443682
4.89979234351927,4.55382736237205,1.67186862234624,4.2037675258986
3.26323094809252,3.54273785780035,4.02179096554022,2.68419425673253
6.96753437760496,7.73958457182895,6.8309700663063,7.11526239997856
5.1536950294433,6.12327354110699,5.1843431353935,4.18249303601946
3.52902669401891,2.74328697162131,3.50024076112655,1.54224561310028
5.2399156834726,6.14915760286608,6.89649224655434,7.91732469388007
3.62580834813715,4.51840489389755,3.13733915596315,1.33193639563698
5.13568679694429,6.56761989581259,6.31452593119003,3.63380427187557
4.21411502700655,6.23608103285252,1.57700029842182,3.66539068059689
4.48855586898951,3.86672003510968,6.87048671951676,4.65399064293959
2.86072686244014,4.99724137787271,3.22254356780441,3.78263435780916
6.89110287632629,2.16648734818942,2.96468662536166,5.86727718258922
5.22190632514206,6.21413802152954,9.53378076608062,7.481321304002
3.05319546152385,1.09969235055338,3.98701037711028,3.65204292912377
5.97488206874678,5.2716975256099,2.66684114496063,7.6502120447297
4.80379544463093,2.9004325253897,7.07987974527738,3.41373543015227
4.77093318876062,5.80842027049029,6.27092264323993,6.08585604376976
4.49857788695743,7.89418163784934,4.99840907334556,5.80382449007835
8.00794951423599,4.33877337836204,4.90528244503502,3.79301632520224
4.7937693454944,3.73258871795103,2.71932209320919,1.05533625605249
6.59106424054097,6.88506184062928,2.75662376909155,2.48832210719563
2.57399063380729,4.48922202056957,3.53355751517491,4.72343215067308
6.43131867376079,6.33194736001231,5.03834674895334,6.61903487354099
5.8604104939491,3.10304288488526,8.61315694133675,6.10286473922175
9.67337242280199,7.27850354757732,8.65609545053478,9.58264528598248
1.26848591387774,2.6099234181626,3.75212253442855,1.78038317347972
4.2127328409507,3.86066610659033,4.49601446167934,7.52305930667094
5.00996356338893,2.21264713249644,5.83888597150374,2.4857793002552
7.90484244131888,9.10713570323245,9.37703850079752,7.54812277805176
5.9505158940439,6.35288595776698,6.39686081689231,4.66665592344522
3.96951129917755,2.63470607604985,3.24834961318766,3.34452123923219
8.47579748635994,5.50162919917318,7.5054547352694,6.31070332048844
8.16707418971565,7.66620706910119,8.51187169562129,7.36503454084666
8.88187406427436,5.60543304416474,3.88366269834532,4.55944564721142
5.03824197213959,5.43873486335794,6.63806656420532,6.28117261189953
8.7918492534016,8.89079171609403,8.12822632859212,9.739892197281
5.09876442360251,6.48672552504089,8.43315936032623,6.45869644494751
5.15527030293931,2.94577885755023,1.61297795710395,2.87866817934758
4.78395762133465,5.7518660490999,3.28204403022389,3.96588248762198
3.43041810285921,3.61378474083551,0.229703176156611,1.56384960448162
3.94953670880633,3.5520766610008,5.27948912713331,4.96670142298855
9.74835689881477,5.66824387785903,6.98466647134146,7.86272573176928
1.65293652092808,1.19100185303887,0.913949002567084,0.595090047729545
5.13735069734677,5.58436237293365,6.96150279234444,5.20932843437311
9.01871630171514,6.97250775429063,6.80779265364747,6.81085962389524
2.14872397407396,5.14174597230624,7.07752834048061,5.8310199372082
8.06090494953538,5.56953568106877,8.16325489918244,9.04889955472715
7.30420565691325,3.71324628544904,4.59601663846443,6.47260237542084
6.43142044873848,7.19315710965568,6.6372545919462,5.63854510018353
7.60064757967439,9.12557704455024,6.7093746212155,7.4376246378418
2.43462179254463,3.19793767396547,2.52200238039857,1.51038026515548
6.63926353577594,7.86695231039812,5.35280053132549,6.87300974415391
3.73336643592829,7.87856505707178,7.06239315259218,6.7601674143487
5.93787841055372,5.8270166040293,7.20129905402896,2.42322636089401
3.76117767837978,5.35297235138828,5.75826947247124,2.82839611973164
6.16520985359893,7.76117364403195,4.41116826546209,6.42370529982452
-0.0996858490722849,-2.48357656249646,0.268906028040502,-1.71430640742969
4.18881382100755,7.33724556779375,5.68346445029401,1.51023807984783
3.95213961696121,3.52324450982395,3.46432840470585,4.23260404566971
8.58604338905502,7.06700050309548,4.23176519090559,6.01148274476444
7.09891684053729,8.4846501442716,4.77142599235041,4.2663028464705
6.19040839705333,3.02197682425891,5.63151297956189,6.14926668287714
9.00325197782397,4.92915945252806,6.39999918488538,6.80171885625012
4.04676384695235,5.7678061762499,6.28104123136463,4.91965317208013
8.77040904944882,8.65849165927319,5.04158466010614,5.851537567028
4.12757729332676,2.90563652443685,3.71119059107276,2.76331909384797
5.86818504042729,5.61162269940912,5.71862781247362,6.81068125453641
6.18817017642086,8.19260961668727,8.90009887720469,9.49265037596373
3.99984556988232,5.1604911601074,5.54295962593317,1.79637575696528
6.37990728043347,3.4238149855568,4.84889969711238,1.63105732877649
7.63577818620615,7.06859128692622,4.7051627651221,7.88512208824822
3.50510908648595,4.70740940262899,5.19706703359544,1.90164611842431
2.14665408178005,3.08068362433961,3.51431075335819,2.58108482977789
2.90400471114066,5.98431637269853,5.15476789313421,3.69650027122986
1.12783542557665,4.34075004269855,1.49837706316323,2.08717397476062
3.27282211520361,5.93239102259887,6.42142514741724,4.03235616046162
9.43753999269168,6.56975305815411,7.62287625956653,8.13334798789398
7.27086224984659,6.3668442214523,8.93577508822111,6.39353728435494
5.72474911446365,4.81011873016279,4.56170802065563,4.32775169138984
2.62870382349285,3.09105367263298,2.37821774953407,5.94228445393916
6.02038554156912,5.67805506402995,4.82859493910624,4.81611432995469
2.57535376168808,2.46752036613812,6.1388626870613,0.622043701293671
0.183079634237523,0.638332405130152,2.41049208657118,-0.0010597524328968
4.83743016430538,3.31517170028377,4.67088381367094,4.95299615807622
0.948503910638823,3.27411015575918,2.07163201317127,3.89431997448038
4.25568068646071,6.73292743897776,3.07228747298587,3.19837937838423
4.10914066248063,6.99783305518131,5.38878876875503,2.32481282746769
5.59591683304116,6.51950176665462,2.52835554905807,4.15887367673547
5.3805814973006,4.585916534349,4.8956811004954,4.76755620351269
8.49591605719963,7.6503697026936,7.09421418340976,6.32460382591082
3.57398211783051,7.1003480937851,9.17460044784904,6.46102709025151
5.27800098831515,5.45687416198481,4.90739851496864,3.09693557520572
2.68359900275365,7.1334948684576,5.41615584018299,6.75136687790565
2.73859674257236,0.930386447703482,1.36702219383596,2.42951967507444
5.7707788911101,6.41369046842257,8.582532409472,9.01188538759681
5.82806685306571,3.52702474937346,6.48258961390575,4.79576912419286
2.05862998812073,1.02670371314633,1.78944014370537,1.10813929158492
2.08370267954134,3.48081606128416,3.63762059574454,2.2847649114051
4.66032224956052,7.25500117064917,6.68894843477965,8.67118567532232
3.65774393960761,6.32855989263645,5.85115202228453,4.65484886567783
4.62239478496205,2.92286890065751,6.25639216660664,5.36938436035955
5.67139771893493,7.49569417763821,3.68381318825263,7.19050049908042
8.28410866261214,7.25147241409374,6.92219186844009,6.91761409839696
7.76545124101536,4.90241531476594,1.64370530012003,3.28269155298864
3.53577330811553,0.405150310606934,5.14760354227491,6.26878796941105
1.3185834477495,-1.36846680287265,0.737314056169318,5.56815740264489
5.67680938369111,7.25960696882215,5.10372671127479,7.11417769108605
5.61805860585957,3.70070839889643,6.35816020046712,6.79412760891519
5.08008656567916,9.13960180830955,8.56047747309815,6.34567441656611
3.80215353381619,4.34343314810718,4.6096157328835,2.61808199167105
1.79678777117901,1.41077145051405,5.70435250727289,1.31411688052255
5.09443804521789,5.87236109987998,3.92253326064283,2.79228177993425
3.13656626596262,4.17692017811207,3.60692986307791,3.92233234983618
4.10561263372345,4.44543061450768,3.2184993416767,4.34564387143516
7.40247631632253,6.3887111169112,6.67652644908781,4.82106783110943
4.12129568712509,6.92941207810482,6.57363974165079,4.42597933941926
5.92912468024346,5.94020278060607,5.62791896019307,4.34358112293485
5.80610712838089,6.33202744558304,6.47365014425479,5.54404970099375
8.37763348998922,7.93884907169147,5.80607512084652,7.43824026549597
1.22054107317688,1.26128118146492,1.57411055235174,2.21594923345907
2.06933615442678,6.78057643885377,5.25026504725982,2.44823600182657
1.56344882719277,0.513271250683857,3.58852574486811,2.28255815508988
5.15966406852979,5.54846224896191,4.84993867559703,4.21339747873071
6.58623262995618,5.10383117451365,6.06616983045054,5.20073897749724
4.71980910847623,2.55458711198778,2.7803975240025,1.10776846329733
1.88693370991643,3.08361457377042,2.4419688900522,3.12714689626267
5.76754762904854,5.97870883133316,4.37749026371463,2.07426655791991
3.63666413746464,7.1231992858848,5.23459344510905,3.55822199009139
7.15947952908385,7.16232821069125,5.05256330676948,4.16686116722437
7.91870027189466,8.3186504823586,8.267212346517,7.39487644055079
4.97037588124937,6.9973011855031,6.54398305095583,5.1430309670695
5.85299135661642,7.7458846005007,4.66051869438248,6.64728713319576
7.34226452150194,5.42793547357493,3.44080919407201,3.91146007365508
5.66069176685537,3.88754384607858,4.49340135062324,4.5233204978003
5.84662601715705,4.41021801749948,5.16332028944383,3.49702072575973
6.54936848293432,6.08607472176625,4.17301013520641,7.43522355608326
3.41083148543685,7.45114087777793,3.02898709271861,4.75104077414221
3.7615234593099,4.696645368683,4.72623083767981,6.91958530826632
2.25928440850149,2.36415455899953,7.57473278642839,5.24857695828802
1.86615128208467,5.07880700166517,4.00405365217112,2.43341147474047
4.29187333795136,4.98805314804557,2.65056153832077,6.01592045884637
3.25285023695361,0.831094100443998,3.136227533273,1.89769425971959
5.83404375524677,4.93444325961102,4.00515537697439,7.00349259271619
2.66199303479533,5.84062379020116,4.7930707582965,3.95838371942976
4.0008997189201,5.66272742829443,3.98184370858144,5.23424396079568
4.59743314714611,2.41967968697447,3.55410007098646,4.63596550677518
5.24024459766526,4.14497212835637,5.536998749475,7.18669097319515
4.24573428828282,7.38657845919462,8.1851433308357,6.20599739917669
4.68909081214326,5.04085587323088,6.01109790858107,7.21382569005094
2.57994510452543,4.45812184345954,5.08706089757379,2.26252426046414
6.0058046629092,3.80250757577702,4.66484422280812,4.0663470688615
6.4261915697443,6.59126451455113,5.40504236922506,8.11445897442672
5.37816389212362,3.5668524996136,4.92023810546976,2.86411685584717
0.446203710356735,-0.201609153866656,-1.72378663716358,1.25737649577946
4.56100705333136,4.20328726777977,5.46549311764706,3.04445430900832
6.97567076091419,10.9106745247013,8.24515957700751,9.76305877378889
5.09135929810397,4.08064710231467,4.77170577483043,2.30512306273129
6.6388626896953,6.05365693692648,4.25050214643272,5.81637531535405
2.80969518411848,5.82457710973873,4.04251682232478,4.11326867676563
2.62816524702504,4.08101354748075,3.88385032886358,4.73516308372209
4.5234522692691,5.50729511016713,6.20576578878758,4.31306316240574
8.87419651151575,7.2872420234119,8.29214686140951,7.09048721482518
2.80833032553045,7.713576917211,5.80920001797289,3.49943718480757
5.84086623732128,4.04247713132521,4.03888490723169,5.13068597588856
3.86047939528551,1.87660627500832,4.34562166081616,4.21148106478307
6.08671542044134,7.0181229873328,5.63279259587431,5.5272970271604
5.4939415633947,4.95952507350578,4.15982461502777,2.79876646037284
5.11148231129799,5.64987881772165,3.9577338884359,6.08206457801903
7.77940093181296,9.62671887871195,9.44527673223146,7.40881358192344
8.46545337652095,8.09872217023227,7.71104877907441,6.08199949227336
8.55294193576254,8.18766744128308,6.75070856519615,6.9334089621581
6.93429795258764,5.32540945548763,8.16819483009026,9.60472272303916
3.37256602262997,6.20270047740351,6.93021350637,7.53543441784718
5.53349352981933,5.81467149136813,3.57156572833184,5.84443722926621
5.37909174349296,5.75628745336788,3.74039603903135,6.96987242308574
5.46460128213001,8.0422217533775,8.45367210139067,6.30028840553945
3.91270394492744,3.49422212364606,3.55914236977889,4.89760022870465
0.630543630124505,3.18925873880849,4.92476725904396,-0.402801066104554
0.115978360271802,1.93434481473115,2.82187585869583,2.44360553565762
8.55365579893187,8.44907158973622,8.93074430235367,7.01312192416389
7.20935506290836,5.77208040864654,7.28889242551023,6.63927583912108
2.84524942567313,4.87486904730944,2.51815833487437,1.42419520701067
5.29801529710626,4.00663342594833,5.40455591146544,5.73474736436887
8.41999458739583,4.24972714911478,7.68913772055416,5.46092306972461
2.52147956021015,-0.798882324578395,0.899664866561398,0.952242334298977
7.88587464261198,3.58721681906083,7.41525868843219,4.45032416806915
3.5527114987143,0.970587972279153,3.62179991033381,5.55427449710738
6.30059902994629,6.20553680076623,6.45927665867119,7.4996426377056
3.76624880910519,3.49508100574607,0.78346301259683,1.97535477025263
5.59975341408448,6.26322484513317,6.10590893262854,5.84428621272553
5.92034242567348,4.30052166271893,7.45426961216472,3.47006002163212
7.30708368598816,5.34685421223862,2.14835846298848,5.55076547222432
6.88062675502971,7.35768743635588,6.19427590395353,6.18868032328765
6.22701052154256,6.43466866399161,8.70678411670067,6.78236157142518
7.45182533209826,6.38912096119147,5.06021435467993,9.24640171881268
7.26993482934998,5.36910121850455,6.56515497971481,8.00033539954669
7.27050008593942,7.99897564644848,6.21922921997377,3.66164145111992
7.00015049633344,5.04993446713387,6.11525165720622,5.87400710960999
7.14214906075756,8.12743892238638,6.38646762444566,8.58780622906447
8.73411432019028,7.51741529197739,6.86172393416956,2.95135867091107
4.60860082602704,6.87722772116616,3.45001844530692,7.87467496557567
2.72388994789214,4.45788290749376,4.18554616097621,4.17412038301896
2.79362416312376,4.06606570078065,1.39737124147422,3.78268520276709
9.99559370246664,7.1929777192104,9.99629365291273,8.87710356997065
2.41856114535085,3.43765205857575,2.21013168146747,4.20486027621482
3.83644091725355,6.68416513570606,5.91937186503717,7.2675814286419
5.72890400145887,4.20148958422277,3.50755583718227,5.16230813247978
4.34399266570931,6.31562938114358,6.2400562922558,5.62292649896457
7.9536774718865,1.94031046444221,4.34931559897872,5.0059532223383
5.03622678894979,5.25557328620699,6.01962651638754,5.19820566395665
-1.01295444945849,1.66765586170153,2.09487668660827,0.564708936765657
2.42046052220718,4.62534946470461,4.41465516151311,2.85946298335582
6.54257742185187,3.09743303967412,9.25601401897389,7.68621982685171
6.37987243083759,8.16994252138568,8.15648473189628,7.59037127529656
6.31920652957233,6.82843631558453,7.15263675546641,6.32093538932037
4.77147969032883,4.09736259024462,3.83040095488417,4.13523712584193
4.5536302892145,6.2285904856871,4.63429836441917,6.76117612906391
7.35760461753249,8.75459627631193,7.84429420162103,8.20265795539457
6.0375784338908,4.40179994405547,5.50029973182526,2.0974005339569
5.93693918256388,8.38144422442291,4.27552841367347,3.0789439856533
5.44630651923865,6.1220196891206,1.98862500603632,4.64654289808959
5.70839088332978,7.99517499041642,7.97580066527699,7.73942546388092
