"RESPONDENT_ID","JOB_SAT_1","JOB_SAT_2","JOB_SAT_3","JOB_SAT_4","JOB_SAT_5","JOB_SAT_6","JOB_SAT_7","AFFECTIVE_COMMITMENT_1","AFFECTIVE_COMMITMENT_2","AFFECTIVE_COMMITMENT_3","AFFECTIVE_COMMITMENT_4","AFFECTIVE_COMMITMENT_5","TURNOVER_INTENT_1","TURNOVER_INTENT_2","TURNOVER_INTENT_3","TURNOVER_INTENT_4","TURNOVER_INTENT_5","TURNOVER_INTENT_6"
1,5,5,5,5,6,4,3,7,6,5,7,4,1,1,1,5,6,5
2,3,3,3,3,2,4,4,6,4,4,5,4,3,2,3,5,3,4
3,4,5,4,5,4,4,4,5,3,4,3,4,3,2,2,5,5,6
4,4,4,5,5,4,1,2,3,4,4,5,5,3,4,3,3,3,3
5,4,4,6,3,4,4,5,4,3,3,3,5,4,5,4,4,4,5
6,4,3,4,4,4,1,1,4,4,3,4,5,4,4,3,3,3,3
7,5,4,4,5,4,4,4,4,3,4,4,2,3,3,4,2,3,4
8,3,5,4,3,3,5,3,3,1,1,4,2,6,6,6,1,1,1
9,6,6,6,5,6,3,3,4,5,3,4,3,4,4,3,3,3,4
10,4,3,4,3,4,3,1,5,6,5,5,3,3,2,3,4,3,2
11,4,4,5,4,5,4,4,6,5,6,5,4,2,3,3,4,4,3
12,6,5,6,6,5,4,5,6,5,4,6,6,3,3,2,4,3,4
13,3,2,3,3,2,4,2,1,1,3,1,4,3,4,3,2,2,4
14,3,3,3,3,4,3,5,4,2,4,3,3,4,4,5,1,2,2
15,4,3,5,4,2,3,3,6,7,7,6,5,1,1,2,2,4,2
16,4,4,4,5,5,3,2,7,6,7,6,5,4,2,3,6,4,4
17,2,3,4,5,1,4,1,1,2,2,1,4,6,6,5,4,5,4
18,1,1,1,2,1,6,5,1,1,3,1,2,6,6,6,4,2,4
19,1,1,2,2,1,4,4,4,3,5,4,5,3,4,4,3,3,5
20,6,4,4,4,5,2,2,4,5,5,4,3,3,3,1,5,6,6
21,4,3,3,4,4,3,3,6,4,6,6,3,2,2,2,5,6,5
22,2,2,3,1,1,5,4,1,2,2,5,7,4,6,5,2,3,3
23,4,4,2,4,4,4,5,4,5,4,4,4,2,2,3,3,4,3
24,5,5,4,4,6,3,2,6,5,4,5,1,2,1,1,5,4,4
25,6,5,5,5,4,5,5,7,7,7,7,2,1,1,1,3,4,4
26,2,3,4,2,2,5,5,4,4,4,5,5,4,3,2,3,3,3
27,3,3,4,3,2,4,5,3,1,2,1,4,4,3,5,2,3,3
28,1,3,2,1,2,3,3,3,2,4,2,4,4,4,3,2,1,2
29,3,5,5,4,5,3,4,4,6,6,5,4,5,5,3,3,3,2
30,2,3,3,5,3,4,3,2,1,2,2,4,5,6,5,1,1,2
31,4,3,4,6,4,4,2,2,2,1,3,4,4,4,4,3,4,3
32,6,4,3,5,5,4,4,4,4,3,5,3,3,4,4,5,5,5
33,5,4,6,3,5,3,3,4,3,4,4,4,4,4,4,1,2,2
34,3,4,3,3,4,4,4,4,6,5,5,4,3,3,3,4,2,4
35,3,4,5,5,5,5,5,4,3,4,4,5,3,4,3,3,2,3
36,2,2,1,4,2,3,3,2,3,3,2,4,4,4,4,3,3,2
37,3,3,3,3,4,5,5,3,4,3,3,5,3,3,3,4,6,6
38,3,2,2,4,2,3,3,2,3,4,4,4,4,4,5,5,4,5
39,1,1,1,1,2,5,5,5,4,3,3,6,6,5,6,3,3,2
40,4,2,2,1,4,3,5,2,1,4,2,5,5,5,5,3,2,2
41,4,4,4,3,4,1,3,2,2,3,2,6,5,5,5,3,4,1
42,3,3,3,3,4,3,2,3,3,2,3,4,4,5,5,6,5,5
43,3,4,5,4,4,4,3,4,5,5,4,6,4,4,6,2,2,2
44,1,3,3,2,3,2,3,6,5,6,4,4,5,5,5,2,3,4
45,2,2,2,3,2,6,5,5,4,4,4,3,3,3,5,6,6,6
46,5,4,4,3,4,1,1,6,5,5,6,1,3,2,2,3,2,4
47,3,2,4,4,2,3,4,4,4,6,5,3,4,4,4,5,4,4
48,6,4,6,4,5,3,2,6,4,4,6,4,3,4,4,2,1,2
49,3,3,2,5,4,3,4,3,4,4,3,3,5,4,4,1,4,1
50,4,5,5,4,5,3,4,6,5,6,6,5,3,1,2,4,4,5
51,4,4,4,3,3,2,2,2,3,1,1,1,4,3,4,3,1,3
52,3,3,4,5,2,4,3,4,7,5,3,4,3,2,3,2,2,1
53,6,4,4,5,4,1,1,6,6,5,4,7,4,3,4,6,6,5
54,2,4,4,4,5,6,6,6,7,5,6,6,3,2,3,4,5,3
55,3,4,3,5,4,1,2,4,5,5,4,5,1,3,3,2,3,1
56,3,4,5,3,4,2,4,5,4,4,3,3,3,4,3,3,3,3
57,4,5,6,5,5,5,4,7,7,5,5,4,2,2,3,3,2,3
58,4,3,3,3,3,3,4,3,3,2,2,3,2,2,3,3,3,3
59,1,1,1,1,1,6,6,3,3,4,2,5,5,4,5,4,5,3
60,3,4,4,4,2,4,4,2,3,3,2,4,2,2,2,5,3,3
61,4,3,4,3,3,4,3,3,5,5,5,4,4,4,4,3,3,3
62,4,3,5,4,3,5,5,4,5,5,5,3,3,4,4,3,3,4
63,3,5,2,4,4,1,2,5,3,6,6,6,3,3,3,4,3,3
64,5,5,4,5,4,5,5,5,7,5,5,4,3,4,3,5,5,4
65,2,4,4,3,3,6,6,2,1,3,2,7,6,6,6,5,4,4
66,4,6,5,5,5,4,4,1,1,3,2,4,3,4,5,3,3,4
67,1,4,4,4,5,5,5,3,4,5,6,6,3,4,3,2,2,2
68,4,5,5,4,5,2,3,3,6,4,5,7,6,6,4,3,3,2
69,5,4,4,5,5,3,4,4,5,5,5,3,4,3,2,2,3,2
70,5,4,5,5,3,3,4,4,5,4,4,4,5,4,3,5,6,5
71,3,2,2,2,2,2,3,3,1,2,3,6,2,4,3,4,4,4
72,4,4,5,3,4,2,3,4,3,3,4,3,4,3,3,1,1,2
73,4,4,3,3,4,5,3,4,4,4,4,5,4,3,5,4,4,4
74,3,3,2,2,2,2,2,2,1,1,1,5,6,6,4,3,3,3
75,2,3,2,3,3,4,4,4,1,4,3,4,4,2,5,4,2,3
76,4,3,6,3,4,3,2,5,6,6,6,4,2,2,3,4,3,4
77,5,4,3,4,4,3,3,6,7,7,7,3,2,3,1,2,2,3
78,4,5,5,4,4,4,4,4,4,4,5,3,5,4,5,4,3,5
79,3,3,1,4,3,4,3,4,5,4,4,2,4,5,4,3,4,5
80,2,2,3,1,2,3,4,6,5,4,3,5,5,4,5,1,2,1
81,5,6,4,4,4,3,3,4,5,4,5,3,2,1,3,5,6,4
82,1,3,3,4,3,4,4,4,2,5,5,2,4,3,3,4,3,2
83,4,5,3,3,4,1,4,3,3,1,3,5,6,4,5,3,2,4
84,5,3,4,3,3,4,3,2,3,2,3,5,5,6,5,2,4,2
85,1,1,4,2,2,3,4,4,3,4,5,4,4,3,4,4,4,3
86,4,4,5,3,4,5,3,3,3,3,3,2,5,4,5,4,3,4
87,2,3,3,3,3,3,3,4,6,5,5,2,5,3,3,5,5,5
88,3,3,2,5,4,3,4,1,7,1,2,4,5,5,5,3,3,1
89,3,4,5,4,3,4,5,4,4,5,3,5,4,6,4,3,3,5
90,3,4,4,4,5,5,5,5,4,5,4,5,3,3,2,5,5,2
91,5,5,4,5,5,3,3,6,7,5,5,7,4,4,4,3,4,3
92,3,2,4,2,2,6,6,4,1,3,3,3,3,4,4,4,2,3
93,2,4,3,4,4,3,3,4,5,4,6,3,2,3,3,3,4,2
94,4,5,4,5,6,4,4,4,4,5,6,2,4,2,4,4,3,3
95,3,3,2,1,3,4,4,3,4,4,4,3,3,3,5,4,4,4
96,2,3,2,2,2,2,2,4,3,3,5,4,1,4,4,4,5,4
97,2,3,2,2,3,3,3,2,2,4,1,3,4,2,3,5,3,5
98,3,2,2,2,2,2,2,5,5,6,5,5,3,3,3,4,5,3
99,4,4,4,4,4,4,3,2,2,1,2,4,4,5,4,2,3,4
100,5,4,4,5,5,5,4,6,5,6,5,7,1,1,1,6,5,6
101,5,4,4,5,5,2,1,4,5,4,6,7,4,4,4,4,3,3
102,4,4,4,2,5,3,3,5,5,7,6,6,3,4,3,2,4,3
103,2,2,2,3,3,4,2,4,5,4,4,6,4,5,5,3,1,3
104,6,5,6,6,6,5,4,6,5,7,5,4,2,2,3,5,6,6
105,1,3,4,4,2,3,1,3,3,2,2,4,4,4,4,5,5,3
106,4,4,3,3,4,1,1,5,7,7,6,4,2,3,3,3,3,3
107,3,3,4,4,2,5,4,2,1,1,3,6,6,5,5,4,3,4
108,3,4,3,2,4,3,3,4,5,5,7,6,4,4,4,3,4,3
109,5,4,4,4,3,2,3,3,4,3,3,5,2,2,4,5,5,5
110,4,5,2,3,4,3,3,4,1,1,2,4,4,3,3,6,4,5
111,2,3,4,3,4,5,3,1,4,2,2,5,6,4,5,5,4,5
112,4,2,5,3,3,4,4,5,3,4,5,6,2,2,3,3,4,4
113,3,2,4,4,2,2,3,6,5,7,6,5,2,2,2,4,3,4
114,3,3,1,1,3,4,4,4,4,5,4,6,4,3,3,3,2,3
115,2,2,1,1,1,4,4,5,4,4,5,5,3,3,5,3,3,4
116,2,3,3,3,3,5,5,5,4,5,4,7,4,4,3,1,1,2
117,3,2,3,5,3,4,3,3,4,4,3,3,3,3,3,3,4,3
118,6,6,6,6,6,5,4,7,7,7,7,3,3,3,3,4,4,4
119,1,3,2,4,1,3,3,4,3,4,2,7,3,4,4,5,4,5
120,3,5,5,4,3,4,4,4,7,5,4,4,2,2,2,3,2,4
121,2,2,2,3,2,2,4,4,4,3,4,3,5,5,4,4,4,4
122,2,3,2,1,4,2,4,5,6,4,4,3,3,2,3,4,5,4
123,3,3,4,5,4,2,2,3,4,4,2,5,3,5,2,6,6,4
124,2,3,3,2,3,5,5,3,4,4,4,3,4,3,5,3,2,2
125,3,4,3,1,4,4,4,2,1,2,3,3,4,5,5,4,4,5
126,3,5,3,3,3,3,4,5,5,4,5,4,5,4,4,3,4,3
127,1,2,2,1,2,3,3,4,3,4,2,4,5,4,5,5,5,6
128,1,1,1,1,1,3,1,3,6,4,2,5,5,4,5,2,2,3
129,2,3,2,3,3,4,4,4,3,5,4,6,4,4,4,5,3,4
130,3,4,2,3,4,3,3,4,5,4,4,2,4,4,3,3,3,3
131,4,4,4,5,3,4,5,7,4,5,5,3,3,3,4,6,5,6
132,4,2,2,4,6,3,3,5,3,4,4,4,3,4,4,4,3,5
133,5,4,5,3,3,3,3,4,3,3,4,6,4,4,4,5,4,6
134,5,5,5,6,4,3,2,6,7,6,6,3,1,1,1,2,1,3
135,5,5,6,5,5,2,4,7,7,6,7,5,2,3,2,2,3,2
136,4,3,4,2,3,4,3,3,3,3,3,5,6,5,4,3,3,5
137,4,4,3,4,2,5,5,4,3,3,3,5,2,4,3,4,3,3
138,4,5,5,5,5,1,3,5,3,5,6,2,3,2,2,2,2,3
139,3,4,3,2,3,4,2,3,4,3,3,7,4,3,3,2,4,2
140,3,4,3,2,4,3,3,3,4,3,4,5,3,2,2,4,5,4
141,5,4,1,3,3,3,4,5,7,5,4,1,2,4,4,4,3,4
142,3,4,3,2,2,2,3,3,4,2,2,4,4,2,4,4,4,3
143,3,3,4,3,2,4,3,1,1,2,1,5,5,5,4,3,3,4
144,4,3,3,5,3,1,3,6,4,4,6,4,3,3,2,2,3,2
145,4,3,4,4,3,4,3,2,1,1,2,3,5,4,5,4,4,5
146,5,5,5,5,5,3,3,2,4,6,2,5,6,5,4,6,5,4
147,3,5,3,3,2,5,5,1,1,1,2,5,4,5,5,2,3,5
148,3,3,3,3,3,5,3,5,7,6,5,3,4,4,4,3,3,2
149,4,4,4,5,3,4,5,5,5,5,5,4,1,3,2,5,6,6
150,2,3,2,4,2,1,3,4,4,4,4,3,4,5,5,4,3,4
151,3,4,4,5,3,6,5,4,3,4,3,3,3,4,4,2,3,1
152,1,2,1,2,3,1,1,3,2,3,4,3,3,4,5,4,4,5
153,5,4,5,5,4,2,4,2,3,4,4,6,3,4,3,3,5,5
154,4,4,3,3,1,2,3,4,4,4,4,5,2,2,3,3,4,4
155,3,4,2,2,2,3,3,5,5,6,6,7,1,1,1,4,5,4
156,2,3,1,1,2,6,5,3,1,3,2,7,4,4,4,5,5,6
157,3,3,3,5,2,5,5,3,4,4,2,4,2,2,4,6,6,5
158,3,2,3,3,2,4,5,4,4,3,3,3,3,5,3,5,5,5
159,4,3,5,2,3,2,2,3,1,3,2,7,6,6,4,4,4,5
160,5,5,6,5,5,2,4,5,6,5,6,3,3,2,4,4,5,6
161,3,3,4,3,5,6,6,4,3,6,4,2,3,2,2,3,4,4
162,2,3,2,2,2,4,3,5,4,6,5,5,4,3,4,4,4,4
163,4,4,2,4,4,5,3,4,4,6,4,6,3,3,3,3,3,4
164,4,4,3,3,4,2,2,5,4,5,3,3,2,3,2,4,4,4
165,5,3,4,5,5,4,5,7,4,6,6,5,2,3,3,4,4,3
166,4,4,5,5,6,4,3,4,6,5,6,7,3,3,2,3,4,4
167,2,3,4,3,3,5,5,5,5,5,3,4,5,5,4,4,5,4
168,4,4,3,5,4,2,2,4,5,5,4,6,3,4,4,3,5,5
169,3,3,6,4,4,4,4,2,3,2,2,5,5,4,5,3,5,3
170,4,4,5,5,6,4,5,5,6,5,4,4,2,2,3,5,5,6
171,4,3,3,4,3,4,3,5,5,4,5,5,2,2,3,1,2,3
172,4,4,5,4,5,5,6,6,5,6,5,5,2,4,3,3,4,3
173,2,3,1,3,2,3,2,4,3,4,2,5,5,5,5,5,6,6
174,5,4,5,4,5,2,1,4,5,4,4,5,3,3,4,3,4,4
175,5,5,5,4,4,5,6,6,1,6,4,6,3,3,3,5,5,5
176,4,3,3,4,4,1,3,5,4,3,1,6,4,4,3,4,4,4
177,3,2,1,2,2,2,3,2,1,2,2,3,4,5,5,3,3,2
178,4,4,4,5,4,4,3,6,1,4,4,4,1,2,1,1,1,2
179,5,4,4,3,4,2,4,2,4,3,3,4,3,3,5,3,2,4
180,4,3,4,3,3,3,4,5,5,4,4,6,2,2,2,3,3,4
181,4,4,4,3,4,4,5,4,3,4,3,2,3,3,3,4,4,5
182,3,3,4,4,2,4,3,1,3,2,3,4,5,5,5,3,2,3
183,4,3,4,3,5,3,4,5,6,5,5,6,3,2,3,5,5,4
184,5,3,3,4,4,6,5,4,3,5,4,3,5,5,4,2,3,4
185,3,5,3,4,3,5,5,6,6,6,5,5,3,4,4,4,4,4
186,3,2,4,4,2,2,4,4,2,2,2,7,6,6,5,3,4,5
187,3,3,3,4,5,4,4,4,3,2,4,1,4,2,3,4,4,3
188,4,3,3,4,3,3,3,4,5,5,5,3,2,5,4,3,3,3
189,3,4,3,1,3,3,3,2,3,4,2,4,5,4,5,3,3,2
190,1,3,1,3,1,3,2,3,1,5,3,4,6,6,5,2,2,4
191,3,4,3,4,3,2,3,4,3,3,3,1,2,2,4,4,4,4
192,3,3,4,2,3,3,4,3,3,4,2,5,3,4,4,5,5,6
193,4,4,3,5,4,4,4,4,7,5,5,3,3,4,2,3,3,3
194,2,2,1,1,3,4,3,2,3,1,3,2,4,4,4,2,2,1
195,3,3,1,3,3,2,3,3,1,1,2,7,4,4,4,2,2,2
196,4,4,5,5,3,3,4,4,3,5,5,2,1,3,2,3,4,4
197,5,4,5,2,4,4,4,3,4,3,3,2,5,4,5,4,5,4
198,5,4,3,4,4,1,1,2,3,2,2,5,6,5,5,4,4,4
199,5,6,5,4,6,3,2,5,7,6,5,4,2,4,2,5,3,3
200,4,3,3,2,3,2,2,4,3,5,4,6,3,3,3,4,5,2
201,3,1,2,1,1,4,4,3,1,3,3,2,5,5,5,2,3,3
202,3,3,3,3,5,5,5,5,6,2,5,6,3,4,2,2,2,3
203,5,5,5,4,6,2,1,4,2,5,3,2,2,4,2,4,3,5
204,6,6,6,4,6,5,5,4,5,5,5,4,3,4,2,2,2,3
205,2,2,2,2,3,4,5,2,6,2,2,6,4,5,4,5,5,4
206,3,3,1,3,3,4,5,3,1,2,2,2,3,4,4,3,3,5
207,4,3,4,2,3,4,4,2,1,2,3,6,6,4,6,5,6,6
208,3,3,2,2,3,3,3,2,3,1,2,2,4,3,3,5,4,4
209,4,3,2,3,2,6,5,6,2,1,3,5,3,3,5,4,4,3
210,4,3,2,3,3,4,5,3,4,3,4,5,4,4,5,2,2,1
211,3,3,2,2,2,3,3,3,4,4,3,4,4,4,5,3,3,3
212,6,5,4,5,4,4,5,7,7,7,7,3,2,1,1,5,4,5
213,4,3,6,5,4,2,3,3,4,5,3,7,3,3,2,3,4,3
214,3,3,5,2,2,4,3,3,5,4,4,7,3,3,3,1,1,1
215,4,4,4,3,4,3,4,6,4,6,6,6,3,3,4,3,4,4
216,4,4,4,3,4,4,2,5,4,4,3,1,4,4,4,3,3,4
217,2,4,3,3,4,6,4,6,7,6,6,4,1,1,1,4,3,3
218,5,5,5,4,5,4,2,2,5,4,4,6,5,6,5,4,3,3
219,3,2,2,3,2,4,5,3,2,4,3,6,6,5,3,2,3,2
220,2,3,3,1,1,4,4,3,2,2,2,5,4,4,4,3,3,3
221,3,3,5,2,4,3,5,4,5,4,4,1,4,2,3,5,3,1
222,3,3,3,3,3,1,2,5,5,5,5,2,3,3,3,4,3,3
223,3,2,3,2,1,3,3,4,5,3,4,4,4,5,3,2,2,2
224,2,3,2,2,3,4,4,3,3,3,3,4,3,3,3,4,3,3
225,4,3,6,4,4,3,3,4,4,5,5,7,5,3,6,3,4,2
226,3,4,4,3,4,2,3,6,2,6,6,2,4,3,3,2,2,3
227,4,4,3,3,5,2,3,4,5,5,5,5,3,2,3,4,4,4
228,3,3,3,4,3,5,4,2,2,3,3,6,5,5,4,4,4,5
229,2,2,3,3,1,5,4,3,1,3,2,4,4,4,3,3,1,1
230,6,4,4,3,6,5,4,4,4,5,4,4,2,3,2,3,4,4
231,5,2,3,4,3,3,3,5,4,4,3,3,4,6,4,4,4,4
232,5,5,4,5,5,4,4,5,4,5,4,3,3,3,3,6,5,4
233,4,3,5,1,2,4,4,4,6,3,3,4,4,4,4,4,4,4
234,2,4,4,3,2,4,3,2,3,4,3,5,4,2,2,4,3,4
235,3,3,3,5,3,3,2,3,3,3,3,3,5,3,4,2,1,2
236,3,3,4,3,3,4,5,4,5,4,5,6,3,2,2,3,3,4
237,4,4,5,4,5,5,4,4,4,6,4,4,3,1,3,5,4,5
238,3,4,4,4,4,5,3,3,4,5,4,3,4,5,3,1,2,2
239,4,3,4,4,3,3,4,6,5,6,5,5,2,4,3,5,4,5
240,2,3,3,3,3,3,2,3,4,4,4,4,4,5,5,5,5,5
241,3,3,3,3,3,3,3,2,2,1,2,4,3,6,4,4,4,4
242,3,3,5,6,5,4,3,6,7,6,6,1,3,4,3,4,3,4
243,5,4,5,5,3,2,4,4,5,3,4,7,5,3,3,4,3,3
244,4,6,5,4,6,4,4,3,1,2,4,1,4,5,5,2,2,3
245,2,2,2,2,2,2,2,1,1,2,1,6,6,6,5,4,4,4
246,6,5,6,5,5,2,2,6,5,6,6,6,2,3,1,4,4,3
247,4,5,5,5,4,5,4,4,5,4,5,6,2,2,3,4,4,4
248,4,4,4,3,3,5,5,4,6,2,4,6,1,2,1,2,2,3
249,5,5,4,4,4,3,2,4,5,4,5,4,3,3,3,6,4,4
250,1,3,4,3,4,2,2,3,4,3,3,6,3,4,4,2,3,3
251,2,2,3,4,2,5,4,1,2,2,1,3,6,6,6,3,5,4
252,4,4,3,4,4,4,4,1,1,4,2,6,5,4,4,2,2,2
253,2,3,3,2,2,1,1,3,3,3,2,5,3,2,3,5,5,6
254,4,4,3,4,4,3,3,5,5,3,4,3,5,5,3,2,2,3
255,4,5,5,4,5,4,4,3,2,3,2,2,5,4,5,5,5,5
256,3,3,2,2,3,5,5,3,4,3,4,5,3,6,4,4,3,4
257,3,3,3,1,3,6,4,5,5,3,5,7,2,3,3,4,3,3
258,5,4,3,3,5,4,3,5,6,5,6,4,5,4,4,2,2,1
259,2,2,3,4,2,5,5,2,7,1,4,3,3,5,5,3,2,1
260,4,3,6,4,3,2,2,4,1,6,4,3,4,3,3,3,3,3
261,5,4,4,4,4,5,5,6,5,5,5,3,1,1,1,4,4,4
262,4,4,6,5,5,4,4,4,4,5,5,4,4,3,3,4,5,3
263,5,4,4,6,4,4,3,6,1,5,4,4,2,3,2,6,5,4
264,1,1,3,2,2,6,3,2,2,3,3,5,5,5,4,2,2,3
265,3,4,4,4,2,3,4,4,4,4,3,7,3,5,4,4,4,4
266,5,4,6,4,5,5,4,4,4,4,3,5,6,3,3,3,3,4
267,4,4,4,5,5,5,6,2,2,4,4,3,5,4,4,3,3,2
268,4,4,4,3,4,4,4,4,5,2,4,1,4,4,4,4,4,4
269,1,1,1,1,1,4,2,2,1,1,2,6,5,5,4,5,5,6
270,3,5,3,3,3,1,1,5,5,2,4,2,4,2,3,4,3,6
271,3,3,3,3,5,3,3,6,7,5,5,6,2,2,2,5,5,6
272,4,3,3,4,4,5,5,4,3,2,3,5,3,4,4,2,2,2
273,2,3,5,4,5,5,5,3,5,4,4,2,5,3,5,3,2,2
274,4,3,3,3,4,2,3,2,3,4,4,3,5,6,4,3,4,3
275,4,3,5,6,3,3,4,3,4,6,5,2,5,5,6,2,2,3
276,4,5,6,6,5,3,4,5,4,5,6,6,2,4,2,2,4,4
277,3,4,5,4,4,2,3,6,5,6,5,4,3,3,3,4,3,4
278,2,2,2,4,3,5,5,3,4,4,4,2,3,2,4,4,4,4
279,5,5,5,4,5,5,4,5,3,3,4,6,3,2,4,3,2,2
280,4,5,4,6,5,1,2,5,3,5,5,6,1,5,2,5,4,4
281,4,4,4,4,3,4,4,6,6,4,4,4,2,3,3,4,4,4
282,1,2,2,2,2,5,5,5,4,4,3,6,4,4,4,2,3,3
283,3,2,2,4,4,4,3,2,1,2,2,2,4,4,5,3,4,4
284,4,4,2,5,3,4,3,3,3,4,4,5,5,3,5,4,5,5
285,4,4,3,4,3,6,6,5,4,7,5,2,4,3,3,3,3,3
286,4,5,3,4,4,5,5,3,5,3,3,5,4,4,3,2,1,2
287,5,6,6,6,6,2,3,6,7,5,5,6,1,2,1,6,5,4
288,3,3,3,3,2,4,3,3,4,4,4,2,5,6,5,2,1,2
289,2,1,1,3,2,3,4,3,6,3,2,5,3,2,5,3,2,3
290,4,3,3,5,3,4,4,7,7,5,6,6,3,1,3,6,6,6
291,2,3,2,5,3,1,4,4,2,4,3,5,3,2,2,5,4,4
292,5,3,4,4,3,4,5,4,5,4,5,3,4,3,4,2,3,4
293,1,3,2,3,2,5,5,5,3,5,5,6,4,2,3,3,3,4
294,6,6,5,6,6,4,3,5,5,5,5,6,3,3,3,1,4,2
295,3,4,4,1,4,4,5,3,4,3,4,6,4,4,4,3,3,3
296,4,3,3,3,4,4,3,2,1,3,3,4,4,4,4,6,4,3
297,5,3,4,2,3,5,4,1,3,1,2,5,5,5,4,6,4,5
298,4,5,4,6,4,3,3,3,4,3,3,4,3,1,3,3,3,4
299,3,3,2,5,5,2,3,4,4,4,5,2,3,2,4,2,2,3
300,2,1,3,2,3,3,3,1,1,1,2,5,6,3,4,4,4,4
301,5,4,4,3,4,5,3,5,3,5,4,4,4,5,5,4,4,4
302,4,4,3,5,5,4,4,4,7,5,5,7,4,4,3,3,3,4
303,2,3,5,4,3,2,3,4,3,3,5,3,4,3,3,3,2,4
304,5,4,6,5,3,4,3,4,5,5,5,3,2,4,4,5,5,2
305,3,3,3,2,3,3,3,2,1,3,3,5,4,4,5,3,3,2
306,3,3,2,5,3,2,2,4,5,2,5,3,4,3,6,4,3,3
307,3,4,4,4,4,3,4,4,4,6,5,5,3,2,2,4,4,4
308,3,4,5,5,4,2,3,5,6,5,6,4,3,1,4,6,5,4
309,2,2,2,3,1,4,2,4,6,5,5,3,3,4,3,4,3,4
310,4,4,5,1,3,5,5,2,6,5,5,4,5,6,4,2,2,2
311,4,3,4,4,3,4,3,3,1,2,3,3,3,3,3,5,5,5
312,4,3,3,1,2,5,4,6,4,5,5,4,2,3,2,4,4,5
313,2,3,3,2,3,4,6,4,5,4,5,5,2,1,3,6,5,6
314,2,3,3,3,2,3,3,4,4,3,4,7,5,6,5,5,5,5
315,5,4,4,3,4,3,3,2,2,2,2,2,5,4,4,4,4,4
316,3,3,3,4,2,5,4,4,1,2,3,3,4,5,2,3,3,3
317,2,2,2,2,3,4,4,3,4,3,4,5,4,3,4,2,2,3
318,4,4,3,3,3,2,5,5,3,4,5,3,3,1,2,4,3,4
319,2,2,2,2,2,1,2,3,1,1,2,1,4,3,5,4,4,4
320,6,4,5,4,5,3,3,7,7,7,7,3,2,4,1,4,3,2
321,3,3,3,3,3,1,3,1,1,1,1,5,5,2,5,4,5,5
322,3,4,4,4,4,4,4,3,4,4,4,5,2,2,2,4,4,5
323,3,4,6,6,4,5,3,4,4,4,4,2,4,5,5,5,3,5
324,4,3,3,4,3,4,4,4,1,3,4,6,3,3,4,5,6,5
325,5,4,5,4,5,5,3,4,4,6,6,2,3,3,3,4,3,2
326,2,4,4,2,2,2,2,5,5,5,4,2,4,4,4,4,4,3
327,4,6,4,6,4,4,3,4,4,3,3,4,5,4,4,4,4,3
328,3,3,3,3,4,5,4,2,1,2,1,6,4,3,3,1,2,3
329,4,3,2,2,3,3,3,3,5,4,4,3,5,5,5,4,4,4
330,3,2,4,4,3,4,4,4,3,4,6,3,3,2,4,6,4,4
331,5,5,5,4,4,3,2,3,4,4,5,5,3,3,1,3,5,3
332,5,3,3,2,4,2,3,5,4,4,5,3,5,5,5,5,5,5
333,3,3,3,3,4,4,5,4,2,4,4,4,5,5,6,3,4,3
334,4,3,3,5,3,4,3,5,6,5,7,4,2,3,3,4,3,5
335,5,4,4,4,6,3,3,2,3,3,2,7,4,5,5,4,4,5
336,3,4,3,3,4,6,6,1,5,4,3,4,4,5,5,4,5,4
337,2,4,1,2,1,3,2,3,5,5,3,4,5,5,5,5,6,5
338,1,2,3,1,3,2,3,4,2,2,3,3,5,3,5,4,4,3
339,3,3,2,3,3,1,2,5,6,4,6,4,4,4,3,3,4,2
340,3,3,3,4,3,2,1,2,2,3,2,6,5,6,4,4,4,4
341,3,4,3,3,4,3,3,5,5,4,4,1,4,2,3,2,2,3
342,4,5,4,4,5,3,4,3,3,5,3,4,3,3,3,3,3,3
343,3,4,3,3,4,1,3,2,2,4,2,3,5,4,6,4,3,4
344,1,1,2,3,2,4,5,2,2,3,3,4,5,5,5,1,1,1
345,3,5,2,4,4,6,5,5,6,2,5,1,2,5,3,2,3,4
346,5,4,4,3,4,3,3,3,2,2,2,4,5,4,4,2,4,3
347,5,5,5,3,4,4,4,3,2,3,4,5,6,4,5,4,4,5
348,2,1,1,2,1,3,2,3,1,1,1,6,6,6,6,3,4,3
349,4,3,2,4,3,2,3,4,5,6,5,1,3,2,2,3,4,3
350,5,5,6,5,4,4,4,6,4,5,5,2,3,4,3,2,2,2
351,6,5,4,3,5,2,3,4,4,2,5,6,4,4,6,3,3,3
352,2,1,2,3,2,5,6,4,5,2,4,2,4,3,3,6,5,5
353,4,3,4,3,5,3,3,4,3,3,5,4,3,2,4,3,3,2
354,4,2,2,3,2,3,3,2,3,4,2,6,5,5,4,1,2,2
355,3,4,4,3,2,4,3,4,5,4,5,2,4,4,3,4,4,4
356,4,5,5,3,5,3,3,6,2,4,4,5,3,3,3,5,5,4
357,4,4,4,5,1,3,4,4,5,4,6,5,3,4,3,3,3,3
358,4,3,4,5,4,5,5,4,5,4,5,4,2,4,3,5,4,4
359,2,4,3,3,3,3,5,5,7,4,5,5,4,4,3,3,3,4
360,2,1,3,1,2,4,3,3,4,1,2,5,4,4,6,3,4,4
361,3,4,1,2,2,4,4,3,1,4,4,2,6,5,5,6,6,4
362,3,3,2,2,2,5,4,4,3,2,4,2,2,3,2,3,3,3
363,4,4,4,3,2,3,3,4,4,4,5,3,1,5,2,5,4,5
364,4,3,4,2,3,2,2,4,4,4,4,3,4,3,4,4,4,3
365,2,3,4,4,4,4,3,3,3,4,3,2,6,5,4,4,3,4
366,2,3,3,4,4,4,3,4,5,4,4,2,5,4,6,2,3,3
367,6,4,4,6,5,4,4,7,6,6,6,1,1,2,1,6,6,4
368,2,4,2,2,3,3,4,4,4,3,5,4,3,5,4,3,2,3
369,3,3,4,3,5,3,4,4,4,4,2,4,3,2,4,5,5,5
370,4,4,4,4,6,5,3,6,6,6,6,4,4,3,5,3,5,4
371,5,5,5,4,4,3,3,5,2,5,4,3,2,2,2,4,5,4
372,4,4,3,2,3,4,4,3,4,5,3,6,4,4,3,4,5,5
373,4,4,6,4,5,5,4,6,7,4,5,5,4,3,5,3,2,3
374,3,2,4,1,2,2,2,3,3,3,3,7,5,4,5,4,5,5
375,5,5,5,4,4,3,3,5,5,4,6,4,1,3,3,4,4,6
376,3,3,2,4,2,5,5,2,5,3,3,6,4,4,4,2,4,3
377,3,4,3,4,3,1,4,3,3,3,3,6,5,3,5,2,1,2
378,3,2,2,3,2,5,4,5,1,5,5,4,3,3,3,3,3,3
379,4,5,4,5,4,4,3,5,6,5,5,6,3,2,2,3,3,4
380,5,6,6,5,6,3,3,4,4,4,5,3,5,2,4,6,6,6
381,6,5,6,5,6,2,1,4,4,4,4,5,1,1,1,5,3,4
382,2,2,2,2,2,4,5,5,5,6,6,4,3,4,3,3,3,4
383,4,4,4,5,4,4,4,7,7,7,7,4,3,2,3,3,3,4
384,5,4,6,5,5,4,4,4,6,4,3,2,2,2,2,2,2,2
385,4,3,4,4,3,2,3,2,3,3,1,2,3,4,4,5,5,5
386,2,4,3,1,3,3,4,7,6,7,6,4,3,3,2,5,3,3
387,2,4,3,3,3,5,4,5,4,5,4,2,4,4,4,4,3,4
388,3,5,4,5,4,3,4,5,4,6,6,4,3,5,3,3,3,4
389,5,5,5,4,5,4,3,5,5,5,6,7,3,4,4,3,1,2
390,5,4,5,3,3,3,4,6,4,6,6,5,4,6,5,2,4,4
391,5,2,5,5,4,6,5,3,3,5,4,2,4,3,4,6,6,6
392,3,4,4,1,3,4,3,4,4,4,5,5,3,4,3,3,5,4
393,6,4,3,4,4,3,2,4,4,4,4,4,3,3,5,4,4,3
394,3,6,4,2,4,4,3,4,6,4,3,5,2,4,3,3,2,3
395,3,3,3,3,3,3,3,3,3,3,3,6,5,3,6,4,4,4
396,5,5,3,5,5,4,4,4,5,3,7,7,3,3,2,4,2,3
397,2,4,2,3,4,4,5,5,6,6,6,5,5,4,5,3,2,3
398,4,2,5,4,3,6,5,5,2,6,5,5,4,4,4,3,2,1
399,3,4,3,4,2,2,3,5,7,7,6,2,2,3,2,1,1,1
400,5,6,5,3,3,5,4,7,7,7,7,3,3,4,2,5,5,4
401,3,6,4,3,5,4,3,5,6,7,6,2,1,2,2,4,6,4
402,3,4,2,2,2,6,4,5,4,3,4,5,6,6,6,5,5,6
403,3,3,3,4,4,2,2,5,5,5,5,3,3,3,3,3,2,3
404,2,3,3,4,5,3,4,4,2,2,2,7,5,5,5,3,3,3
405,3,4,1,2,4,4,4,6,7,6,6,4,3,3,2,3,4,2
406,2,4,2,2,1,2,2,1,1,1,1,7,4,5,5,5,4,4
407,4,3,4,5,4,5,5,4,6,5,4,4,4,4,5,3,3,4
408,4,3,4,4,4,5,5,4,5,5,4,4,3,4,4,3,4,3
409,4,5,5,6,5,4,4,5,6,4,5,3,1,1,1,4,4,4
410,2,1,1,3,1,4,4,1,2,1,1,5,6,6,6,2,3,3
411,3,2,2,5,3,1,2,3,3,4,3,7,4,4,4,2,2,2
412,3,3,4,4,2,2,2,3,6,3,4,6,4,3,3,5,5,4
413,1,1,2,4,2,4,4,4,5,5,4,2,4,4,4,4,3,5
414,2,2,3,2,1,3,2,4,4,4,5,4,3,4,4,2,2,2
415,3,4,3,4,4,2,3,5,6,3,4,3,4,4,4,6,6,6
416,3,2,2,3,3,2,3,4,2,3,5,7,3,2,4,4,3,5
417,1,1,2,2,1,1,3,2,3,2,2,4,5,4,5,5,5,5
418,4,3,3,2,3,3,3,5,6,2,5,5,3,3,3,4,3,4
419,4,3,4,3,2,3,5,4,4,3,4,3,4,3,4,3,2,3
420,5,4,5,4,5,4,1,4,5,4,6,5,3,3,2,1,3,3
421,1,4,4,4,5,1,2,6,5,6,7,2,2,2,1,6,6,6
422,3,1,3,2,2,1,2,3,2,2,4,4,5,4,5,4,5,4
423,4,3,3,3,4,4,3,3,4,3,3,2,5,6,4,3,3,3
424,2,4,3,3,2,4,5,4,5,4,5,2,4,5,5,6,4,5
425,4,5,5,5,4,1,2,6,4,7,5,4,3,1,4,4,3,4
426,4,2,4,5,3,2,3,3,7,5,5,7,2,3,3,3,2,4
427,3,3,3,1,3,3,3,2,3,2,3,3,4,4,5,4,4,5
428,5,4,6,5,4,3,2,4,2,4,3,4,5,4,4,5,4,3
429,4,3,2,3,3,3,4,4,4,2,3,4,5,5,5,3,3,3
430,3,4,3,3,3,3,4,5,4,6,5,2,4,4,2,2,2,3
431,5,6,5,6,6,3,2,6,7,5,6,4,3,3,3,4,4,5
432,3,4,3,3,3,5,3,5,4,5,4,3,4,3,4,3,4,3
433,3,2,2,3,3,3,3,6,6,5,5,5,3,2,2,6,6,6
434,2,2,2,2,1,5,6,2,2,2,3,6,4,4,4,2,4,4
435,4,3,3,2,3,4,4,5,5,4,4,7,3,2,3,5,6,5
436,6,4,5,4,4,2,3,2,1,1,3,4,3,3,4,2,3,4
437,2,1,1,1,2,1,2,4,3,3,3,3,4,3,4,5,5,5
438,4,3,2,4,4,3,2,5,5,7,4,2,1,3,2,3,4,3
439,1,3,1,2,3,4,3,3,2,2,2,3,3,3,3,4,4,3
440,5,5,4,6,6,3,3,3,3,2,1,7,4,6,4,4,3,4
441,4,5,6,4,5,4,5,2,3,4,4,7,3,3,3,4,2,4
442,3,4,4,3,4,3,3,3,1,3,3,3,4,4,2,5,5,5
443,6,5,4,5,5,3,3,6,7,7,6,2,1,2,1,5,4,5
444,4,2,2,3,4,4,3,2,3,3,4,6,4,4,5,1,4,2
445,4,4,5,5,4,4,3,4,1,1,3,5,1,2,2,4,5,4
446,4,3,4,1,4,2,3,4,4,4,3,4,6,5,6,3,4,4
447,4,3,3,3,3,5,4,2,1,2,2,2,4,4,5,5,3,4
448,4,3,4,3,3,1,3,4,1,4,3,2,3,3,3,5,6,6
449,2,4,2,3,3,3,4,5,7,5,5,2,4,4,3,2,3,4
450,3,3,3,6,4,4,4,3,1,4,4,4,3,5,2,2,4,4
451,3,1,3,3,2,4,4,6,5,5,5,2,3,4,3,3,2,3
452,4,3,3,3,3,4,4,6,5,5,7,5,3,3,4,5,4,5
453,4,4,3,4,5,1,3,3,2,2,2,5,3,3,3,2,5,3
454,4,1,4,3,4,4,3,3,3,1,2,2,5,4,5,3,4,5
455,4,3,3,5,4,3,3,3,4,3,4,5,3,4,4,4,4,3
456,3,3,4,3,2,4,5,5,5,3,6,3,3,5,4,4,3,3
457,4,4,4,5,5,3,3,7,5,7,6,3,4,2,4,5,6,5
458,5,4,5,4,5,4,3,5,6,5,7,1,3,2,3,3,3,1
459,6,6,6,5,6,4,3,7,7,7,7,4,2,1,1,2,2,1
460,3,2,6,3,2,3,3,4,5,4,5,3,2,3,3,2,2,2
461,4,5,5,5,4,5,4,4,5,6,5,3,6,4,3,3,2,4
462,6,5,5,5,3,2,2,5,6,4,6,3,4,4,3,3,4,3
463,3,3,4,4,4,2,3,4,2,3,3,4,4,4,5,2,3,2
464,3,3,2,2,4,3,4,2,1,2,2,2,5,6,6,5,6,5
465,3,2,3,2,3,3,3,4,5,5,3,5,4,5,4,3,2,3
466,3,4,3,2,2,3,3,6,5,7,6,3,4,2,4,3,2,3
467,4,6,5,4,5,4,3,7,6,6,7,5,2,1,1,5,4,5
468,4,4,5,5,4,3,3,2,3,3,4,3,4,4,3,2,1,1
469,2,2,1,1,1,3,2,2,1,1,2,3,6,4,5,3,4,4
470,3,3,2,4,3,4,5,4,4,5,5,1,5,3,6,4,4,4
471,3,3,4,3,4,3,4,4,3,3,2,3,2,1,4,4,5,3
472,2,1,3,2,2,1,4,1,3,1,2,5,5,5,5,3,3,3
473,4,4,4,4,4,3,3,6,5,5,5,7,3,3,3,4,3,3
474,2,1,1,1,1,5,3,4,5,5,5,1,4,4,3,1,3,2
475,4,4,1,4,3,1,3,6,4,6,6,6,2,2,2,3,2,2
476,3,3,1,4,3,5,5,2,4,4,3,2,2,3,3,4,4,4
477,3,3,3,2,4,5,4,4,3,4,4,2,4,4,3,4,3,3
478,4,2,5,3,3,5,6,5,4,4,5,2,3,1,3,3,4,3
479,4,4,4,3,4,4,4,7,4,4,4,4,3,6,3,4,3,3
480,4,4,4,3,4,4,3,1,1,1,1,5,3,5,4,4,3,5
481,3,3,5,5,3,3,2,5,4,6,4,7,3,2,3,2,3,2
482,1,1,2,1,2,6,4,2,2,4,2,3,6,6,6,4,4,4
483,2,3,3,3,2,4,4,4,4,4,4,6,4,5,5,3,3,2
484,2,2,3,1,2,2,3,4,1,2,2,2,5,6,5,4,5,4
485,5,4,4,6,5,3,3,2,2,2,4,3,5,5,4,2,2,2
486,4,3,2,3,4,2,2,5,6,5,5,3,3,4,3,4,4,4
487,5,4,4,5,4,5,5,4,7,4,3,4,5,3,3,5,5,6
488,1,2,1,2,3,4,3,7,7,6,6,4,2,5,3,5,4,3
489,3,3,3,2,3,4,3,4,4,5,4,5,2,2,3,2,1,2
490,4,5,4,4,4,6,5,5,7,5,7,4,5,3,4,2,3,2
491,2,6,4,3,3,4,3,4,4,3,5,2,3,2,4,5,6,5
492,3,4,5,3,4,4,5,3,3,3,4,3,5,3,5,3,4,4
493,4,3,3,3,4,4,3,4,2,3,4,5,4,4,3,4,4,3
494,5,4,4,4,3,6,3,5,7,7,6,4,1,2,2,3,3,3
495,2,2,3,3,3,3,2,5,4,5,5,6,2,3,1,3,3,4
496,5,3,4,4,5,3,4,5,4,5,5,5,1,3,2,2,4,3
497,6,5,5,3,4,1,2,3,2,3,3,5,3,4,4,4,5,6
498,2,3,3,2,3,4,5,5,5,6,5,3,3,3,3,2,1,2
499,3,4,3,4,4,2,2,2,1,3,2,2,5,6,5,5,5,5
500,3,3,4,5,2,5,5,3,4,5,3,5,4,4,5,2,2,3
